dose,agegroup,n,UF
(D1+D2) only,1,0,AC
(D1+D2) only,2,108,AC
(D1+D2) only,3,53394,AC
(D1+D2) only,4,102977,AC
(D1+D2) only,5,73146,AC
(D1+D2) only,6,60502,AC
(D1+D2) only,7,38190,AC
(D1+D2) only,8,18412,AC
(D1+D2) only,9,8269,AC
(D1+D2) only,10,3375,AC
(D1+D2) only,11,781,AC
(D1+D2+DU) only,1,0,AC
(D1+D2+DU) only,2,0,AC
(D1+D2+DU) only,3,0,AC
(D1+D2+DU) only,4,0,AC
(D1+D2+DU) only,5,1,AC
(D1+D2+DU) only,6,4,AC
(D1+D2+DU) only,7,1,AC
(D1+D2+DU) only,8,0,AC
(D1+D2+DU) only,9,0,AC
(D1+D2+DU) only,10,0,AC
(D1+D2+DU) only,11,0,AC
(D1+D2+R) only,1,0,AC
(D1+D2+R) only,2,1,AC
(D1+D2+R) only,3,331,AC
(D1+D2+R) only,4,14206,AC
(D1+D2+R) only,5,18925,AC
(D1+D2+R) only,6,21563,AC
(D1+D2+R) only,7,19030,AC
(D1+D2+R) only,8,20309,AC
(D1+D2+R) only,9,11135,AC
(D1+D2+R) only,10,3554,AC
(D1+D2+R) only,11,729,AC
(D1+DU) only,1,0,AC
(D1+DU) only,2,0,AC
(D1+DU) only,3,0,AC
(D1+DU) only,4,5,AC
(D1+DU) only,5,5,AC
(D1+DU) only,6,3,AC
(D1+DU) only,7,1,AC
(D1+DU) only,8,2,AC
(D1+DU) only,9,0,AC
(D1+DU) only,10,0,AC
(D1+DU) only,11,0,AC
(D1+R) only,1,0,AC
(D1+R) only,2,0,AC
(D1+R) only,3,176,AC
(D1+R) only,4,784,AC
(D1+R) only,5,732,AC
(D1+R) only,6,721,AC
(D1+R) only,7,628,AC
(D1+R) only,8,790,AC
(D1+R) only,9,304,AC
(D1+R) only,10,97,AC
(D1+R) only,11,20,AC
(D2+DU) only,1,0,AC
(D2+DU) only,2,0,AC
(D2+DU) only,3,0,AC
(D2+DU) only,4,39,AC
(D2+DU) only,5,23,AC
(D2+DU) only,6,10,AC
(D2+DU) only,7,3,AC
(D2+DU) only,8,0,AC
(D2+DU) only,9,0,AC
(D2+DU) only,10,11,AC
(D2+DU) only,11,2,AC
(D2+R+DU) only,1,0,AC
(D2+R+DU) only,2,0,AC
(D2+R+DU) only,3,0,AC
(D2+R+DU) only,4,3,AC
(D2+R+DU) only,5,4,AC
(D2+R+DU) only,6,0,AC
(D2+R+DU) only,7,0,AC
(D2+R+DU) only,8,0,AC
(D2+R+DU) only,9,0,AC
(D2+R+DU) only,10,2,AC
(D2+R+DU) only,11,0,AC
(R+DU) only,1,0,AC
(R+DU) only,2,0,AC
(R+DU) only,3,1,AC
(R+DU) only,4,1120,AC
(R+DU) only,5,1424,AC
(R+DU) only,6,516,AC
(R+DU) only,7,232,AC
(R+DU) only,8,36,AC
(R+DU) only,9,8,AC
(R+DU) only,10,2,AC
(R+DU) only,11,1,AC
D1 only,1,11,AC
D1 only,2,3379,AC
D1 only,3,27846,AC
D1 only,4,41688,AC
D1 only,5,21562,AC
D1 only,6,13892,AC
D1 only,7,7133,AC
D1 only,8,2920,AC
D1 only,9,1275,AC
D1 only,10,581,AC
D1 only,11,166,AC
DU only,1,0,AC
DU only,2,0,AC
DU only,3,12,AC
DU only,4,3233,AC
DU only,5,3266,AC
DU only,6,1459,AC
DU only,7,739,AC
DU only,8,150,AC
DU only,9,47,AC
DU only,10,17,AC
DU only,11,3,AC
R+DU,1,0,AC
R+DU,2,0,AC
R+DU,3,0,AC
R+DU,4,0,AC
R+DU,5,1,AC
R+DU,6,2,AC
R+DU,7,0,AC
R+DU,8,1,AC
R+DU,9,1,AC
R+DU,10,0,AC
R+DU,11,0,AC
(D1+D2) only,1,1,AL
(D1+D2) only,2,43,AL
(D1+D2) only,3,174896,AL
(D1+D2) only,4,387576,AL
(D1+D2) only,5,288893,AL
(D1+D2) only,6,233613,AL
(D1+D2) only,7,175206,AL
(D1+D2) only,8,82522,AL
(D1+D2) only,9,36872,AL
(D1+D2) only,10,15378,AL
(D1+D2) only,11,3418,AL
(D1+D2+DU) only,1,0,AL
(D1+D2+DU) only,2,0,AL
(D1+D2+DU) only,3,4,AL
(D1+D2+DU) only,4,2,AL
(D1+D2+DU) only,5,1,AL
(D1+D2+DU) only,6,1,AL
(D1+D2+DU) only,7,1,AL
(D1+D2+DU) only,8,0,AL
(D1+D2+DU) only,9,0,AL
(D1+D2+DU) only,10,0,AL
(D1+D2+DU) only,11,0,AL
(D1+D2+R) only,1,0,AL
(D1+D2+R) only,2,2,AL
(D1+D2+R) only,3,57,AL
(D1+D2+R) only,4,46074,AL
(D1+D2+R) only,5,69579,AL
(D1+D2+R) only,6,94773,AL
(D1+D2+R) only,7,107123,AL
(D1+D2+R) only,8,120148,AL
(D1+D2+R) only,9,71636,AL
(D1+D2+R) only,10,23674,AL
(D1+D2+R) only,11,4151,AL
(D1+DU) only,1,0,AL
(D1+DU) only,2,0,AL
(D1+DU) only,3,0,AL
(D1+DU) only,4,1,AL
(D1+DU) only,5,5,AL
(D1+DU) only,6,2,AL
(D1+DU) only,7,1,AL
(D1+DU) only,8,5,AL
(D1+DU) only,9,2,AL
(D1+DU) only,10,0,AL
(D1+DU) only,11,0,AL
(D1+R) only,1,0,AL
(D1+R) only,2,1,AL
(D1+R) only,3,871,AL
(D1+R) only,4,1608,AL
(D1+R) only,5,1807,AL
(D1+R) only,6,2202,AL
(D1+R) only,7,2458,AL
(D1+R) only,8,2944,AL
(D1+R) only,9,1763,AL
(D1+R) only,10,789,AL
(D1+R) only,11,118,AL
(D2+DU) only,1,0,AL
(D2+DU) only,2,0,AL
(D2+DU) only,3,0,AL
(D2+DU) only,4,12,AL
(D2+DU) only,5,16,AL
(D2+DU) only,6,28,AL
(D2+DU) only,7,2,AL
(D2+DU) only,8,0,AL
(D2+DU) only,9,0,AL
(D2+DU) only,10,0,AL
(D2+DU) only,11,0,AL
(D2+R+DU) only,1,0,AL
(D2+R+DU) only,2,0,AL
(D2+R+DU) only,3,0,AL
(D2+R+DU) only,4,0,AL
(D2+R+DU) only,5,3,AL
(D2+R+DU) only,6,3,AL
(D2+R+DU) only,7,0,AL
(D2+R+DU) only,8,0,AL
(D2+R+DU) only,9,0,AL
(D2+R+DU) only,10,0,AL
(D2+R+DU) only,11,0,AL
(R+DU) only,1,0,AL
(R+DU) only,2,0,AL
(R+DU) only,3,0,AL
(R+DU) only,4,1028,AL
(R+DU) only,5,6893,AL
(R+DU) only,6,12884,AL
(R+DU) only,7,1839,AL
(R+DU) only,8,133,AL
(R+DU) only,9,39,AL
(R+DU) only,10,15,AL
(R+DU) only,11,3,AL
D1 only,1,6,AL
D1 only,2,25699,AL
D1 only,3,98962,AL
D1 only,4,121361,AL
D1 only,5,67604,AL
D1 only,6,43299,AL
D1 only,7,25848,AL
D1 only,8,10396,AL
D1 only,9,4497,AL
D1 only,10,2698,AL
D1 only,11,787,AL
D1+D2+DU+R,1,0,AL
D1+D2+DU+R,2,0,AL
D1+D2+DU+R,3,0,AL
D1+D2+DU+R,4,1,AL
D1+D2+DU+R,5,0,AL
D1+D2+DU+R,6,2,AL
D1+D2+DU+R,7,0,AL
D1+D2+DU+R,8,2,AL
D1+D2+DU+R,9,0,AL
D1+D2+DU+R,10,0,AL
D1+D2+DU+R,11,0,AL
DU only,1,0,AL
DU only,2,1,AL
DU only,3,0,AL
DU only,4,2334,AL
DU only,5,8480,AL
DU only,6,16858,AL
DU only,7,4141,AL
DU only,8,454,AL
DU only,9,134,AL
DU only,10,45,AL
DU only,11,6,AL
R+DU,1,0,AL
R+DU,2,0,AL
R+DU,3,0,AL
R+DU,4,1,AL
R+DU,5,4,AL
R+DU,6,1,AL
R+DU,7,3,AL
R+DU,8,8,AL
R+DU,9,0,AL
R+DU,10,0,AL
R+DU,11,0,AL
(D1+D2) only,1,11,AM
(D1+D2) only,2,396,AM
(D1+D2) only,3,228639,AM
(D1+D2) only,4,469550,AM
(D1+D2) only,5,328094,AM
(D1+D2) only,6,252549,AM
(D1+D2) only,7,147497,AM
(D1+D2) only,8,66882,AM
(D1+D2) only,9,27584,AM
(D1+D2) only,10,11413,AM
(D1+D2) only,11,2787,AM
(D1+D2+DU) only,1,0,AM
(D1+D2+DU) only,2,3,AM
(D1+D2+DU) only,3,586,AM
(D1+D2+DU) only,4,58714,AM
(D1+D2+DU) only,5,72754,AM
(D1+D2+DU) only,6,89567,AM
(D1+D2+DU) only,7,70720,AM
(D1+D2+DU) only,8,34188,AM
(D1+D2+DU) only,9,11613,AM
(D1+D2+DU) only,10,3429,AM
(D1+D2+DU) only,11,595,AM
(D1+D2+R) only,1,0,AM
(D1+D2+R) only,2,3,AM
(D1+D2+R) only,3,176,AM
(D1+D2+R) only,4,45046,AM
(D1+D2+R) only,5,51772,AM
(D1+D2+R) only,6,55478,AM
(D1+D2+R) only,7,57250,AM
(D1+D2+R) only,8,80687,AM
(D1+D2+R) only,9,41779,AM
(D1+D2+R) only,10,13582,AM
(D1+D2+R) only,11,2351,AM
(D1+DU) only,1,0,AM
(D1+DU) only,2,1,AM
(D1+DU) only,3,85,AM
(D1+DU) only,4,713,AM
(D1+DU) only,5,720,AM
(D1+DU) only,6,817,AM
(D1+DU) only,7,805,AM
(D1+DU) only,8,376,AM
(D1+DU) only,9,135,AM
(D1+DU) only,10,49,AM
(D1+DU) only,11,7,AM
(D1+R) only,1,0,AM
(D1+R) only,2,3,AM
(D1+R) only,3,562,AM
(D1+R) only,4,2270,AM
(D1+R) only,5,2205,AM
(D1+R) only,6,2253,AM
(D1+R) only,7,2226,AM
(D1+R) only,8,2600,AM
(D1+R) only,9,1367,AM
(D1+R) only,10,495,AM
(D1+R) only,11,120,AM
(D2+DU) only,1,0,AM
(D2+DU) only,2,0,AM
(D2+DU) only,3,9,AM
(D2+DU) only,4,1453,AM
(D2+DU) only,5,955,AM
(D2+DU) only,6,857,AM
(D2+DU) only,7,718,AM
(D2+DU) only,8,425,AM
(D2+DU) only,9,127,AM
(D2+DU) only,10,44,AM
(D2+DU) only,11,10,AM
(D2+R+DU) only,1,0,AM
(D2+R+DU) only,2,0,AM
(D2+R+DU) only,3,0,AM
(D2+R+DU) only,4,1,AM
(D2+R+DU) only,5,2,AM
(D2+R+DU) only,6,2,AM
(D2+R+DU) only,7,0,AM
(D2+R+DU) only,8,4,AM
(D2+R+DU) only,9,0,AM
(D2+R+DU) only,10,0,AM
(D2+R+DU) only,11,0,AM
(R+DU) only,1,0,AM
(R+DU) only,2,0,AM
(R+DU) only,3,6,AM
(R+DU) only,4,738,AM
(R+DU) only,5,295,AM
(R+DU) only,6,182,AM
(R+DU) only,7,82,AM
(R+DU) only,8,35,AM
(R+DU) only,9,10,AM
(R+DU) only,10,2,AM
(R+DU) only,11,1,AM
D1 only,1,93,AM
D1 only,2,82468,AM
D1 only,3,135025,AM
D1 only,4,173669,AM
D1 only,5,92506,AM
D1 only,6,60133,AM
D1 only,7,30469,AM
D1 only,8,11771,AM
D1 only,9,5867,AM
D1 only,10,2809,AM
D1 only,11,952,AM
D1+D2+DU+R,1,0,AM
D1+D2+DU+R,2,0,AM
D1+D2+DU+R,3,0,AM
D1+D2+DU+R,4,44,AM
D1+D2+DU+R,5,42,AM
D1+D2+DU+R,6,59,AM
D1+D2+DU+R,7,62,AM
D1+D2+DU+R,8,48,AM
D1+D2+DU+R,9,26,AM
D1+D2+DU+R,10,6,AM
D1+D2+DU+R,11,0,AM
DU only,1,2,AM
DU only,2,4,AM
DU only,3,101,AM
DU only,4,22269,AM
DU only,5,12679,AM
DU only,6,6637,AM
DU only,7,3945,AM
DU only,8,1712,AM
DU only,9,541,AM
DU only,10,152,AM
DU only,11,27,AM
R+DU,1,0,AM
R+DU,2,0,AM
R+DU,3,0,AM
R+DU,4,5,AM
R+DU,5,0,AM
R+DU,6,5,AM
R+DU,7,2,AM
R+DU,8,2,AM
R+DU,9,1,AM
R+DU,10,0,AM
R+DU,11,0,AM
(D1+D2) only,2,69,AP
(D1+D2) only,3,31683,AP
(D1+D2) only,4,80744,AP
(D1+D2) only,5,63663,AP
(D1+D2) only,6,53660,AP
(D1+D2) only,7,37857,AP
(D1+D2) only,8,17176,AP
(D1+D2) only,9,6769,AP
(D1+D2) only,10,2745,AP
(D1+D2) only,11,671,AP
(D1+D2+DU) only,2,0,AP
(D1+D2+DU) only,3,0,AP
(D1+D2+DU) only,4,3,AP
(D1+D2+DU) only,5,2,AP
(D1+D2+DU) only,6,1,AP
(D1+D2+DU) only,7,0,AP
(D1+D2+DU) only,8,0,AP
(D1+D2+DU) only,9,1,AP
(D1+D2+DU) only,10,0,AP
(D1+D2+DU) only,11,0,AP
(D1+D2+R) only,2,0,AP
(D1+D2+R) only,3,67,AP
(D1+D2+R) only,4,5482,AP
(D1+D2+R) only,5,7969,AP
(D1+D2+R) only,6,9414,AP
(D1+D2+R) only,7,8798,AP
(D1+D2+R) only,8,14205,AP
(D1+D2+R) only,9,7751,AP
(D1+D2+R) only,10,2698,AP
(D1+D2+R) only,11,461,AP
(D1+DU) only,2,0,AP
(D1+DU) only,3,0,AP
(D1+DU) only,4,2,AP
(D1+DU) only,5,5,AP
(D1+DU) only,6,3,AP
(D1+DU) only,7,1,AP
(D1+DU) only,8,2,AP
(D1+DU) only,9,0,AP
(D1+DU) only,10,0,AP
(D1+DU) only,11,0,AP
(D1+R) only,2,0,AP
(D1+R) only,3,109,AP
(D1+R) only,4,589,AP
(D1+R) only,5,541,AP
(D1+R) only,6,468,AP
(D1+R) only,7,461,AP
(D1+R) only,8,647,AP
(D1+R) only,9,236,AP
(D1+R) only,10,108,AP
(D1+R) only,11,17,AP
(D2+DU) only,2,0,AP
(D2+DU) only,3,1,AP
(D2+DU) only,4,7,AP
(D2+DU) only,5,7,AP
(D2+DU) only,6,19,AP
(D2+DU) only,7,1,AP
(D2+DU) only,8,0,AP
(D2+DU) only,9,0,AP
(D2+DU) only,10,0,AP
(D2+DU) only,11,0,AP
(R+DU) only,2,0,AP
(R+DU) only,3,1,AP
(R+DU) only,4,324,AP
(R+DU) only,5,618,AP
(R+DU) only,6,491,AP
(R+DU) only,7,154,AP
(R+DU) only,8,15,AP
(R+DU) only,9,0,AP
(R+DU) only,10,0,AP
(R+DU) only,11,0,AP
D1 only,2,2113,AP
D1 only,3,35374,AP
D1 only,4,56522,AP
D1 only,5,31794,AP
D1 only,6,17973,AP
D1 only,7,9875,AP
D1 only,8,3075,AP
D1 only,9,973,AP
D1 only,10,482,AP
D1 only,11,128,AP
DU only,2,1,AP
DU only,3,9,AP
DU only,4,1431,AP
DU only,5,2245,AP
DU only,6,4549,AP
DU only,7,844,AP
DU only,8,123,AP
DU only,9,24,AP
DU only,10,12,AP
DU only,11,4,AP
R+DU,2,0,AP
R+DU,3,0,AP
R+DU,4,0,AP
R+DU,5,2,AP
R+DU,6,0,AP
R+DU,7,0,AP
R+DU,8,0,AP
R+DU,9,0,AP
R+DU,10,0,AP
R+DU,11,0,AP
(D1+D2) only,1,26,BA
(D1+D2) only,2,387,BA
(D1+D2) only,3,553305,BA
(D1+D2) only,4,1514971,BA
(D1+D2) only,5,1329008,BA
(D1+D2) only,6,1087468,BA
(D1+D2) only,7,800413,BA
(D1+D2) only,8,440971,BA
(D1+D2) only,9,202864,BA
(D1+D2) only,10,91085,BA
(D1+D2) only,11,22426,BA
(D1+D2+DU) only,1,0,BA
(D1+D2+DU) only,2,0,BA
(D1+D2+DU) only,3,9,BA
(D1+D2+DU) only,4,17,BA
(D1+D2+DU) only,5,34,BA
(D1+D2+DU) only,6,65,BA
(D1+D2+DU) only,7,41,BA
(D1+D2+DU) only,8,13,BA
(D1+D2+DU) only,9,14,BA
(D1+D2+DU) only,10,1,BA
(D1+D2+DU) only,11,0,BA
(D1+D2+R) only,1,2,BA
(D1+D2+R) only,2,8,BA
(D1+D2+R) only,3,492,BA
(D1+D2+R) only,4,159610,BA
(D1+D2+R) only,5,271258,BA
(D1+D2+R) only,6,377279,BA
(D1+D2+R) only,7,474116,BA
(D1+D2+R) only,8,514191,BA
(D1+D2+R) only,9,339297,BA
(D1+D2+R) only,10,137380,BA
(D1+D2+R) only,11,32356,BA
(D1+DU) only,1,0,BA
(D1+DU) only,2,1,BA
(D1+DU) only,3,49,BA
(D1+DU) only,4,61,BA
(D1+DU) only,5,80,BA
(D1+DU) only,6,157,BA
(D1+DU) only,7,59,BA
(D1+DU) only,8,29,BA
(D1+DU) only,9,2,BA
(D1+DU) only,10,1,BA
(D1+DU) only,11,0,BA
(D1+R) only,1,0,BA
(D1+R) only,2,11,BA
(D1+R) only,3,3550,BA
(D1+R) only,4,11380,BA
(D1+R) only,5,14888,BA
(D1+R) only,6,20158,BA
(D1+R) only,7,24388,BA
(D1+R) only,8,25810,BA
(D1+R) only,9,17456,BA
(D1+R) only,10,8418,BA
(D1+R) only,11,2079,BA
(D2+DU) only,1,0,BA
(D2+DU) only,2,0,BA
(D2+DU) only,3,15,BA
(D2+DU) only,4,158,BA
(D2+DU) only,5,560,BA
(D2+DU) only,6,2485,BA
(D2+DU) only,7,477,BA
(D2+DU) only,8,25,BA
(D2+DU) only,9,6,BA
(D2+DU) only,10,0,BA
(D2+DU) only,11,1,BA
(D2+R+DU) only,1,0,BA
(D2+R+DU) only,2,0,BA
(D2+R+DU) only,3,0,BA
(D2+R+DU) only,4,5,BA
(D2+R+DU) only,5,14,BA
(D2+R+DU) only,6,69,BA
(D2+R+DU) only,7,9,BA
(D2+R+DU) only,8,0,BA
(D2+R+DU) only,9,1,BA
(D2+R+DU) only,10,0,BA
(D2+R+DU) only,11,0,BA
(R+DU) only,1,0,BA
(R+DU) only,2,0,BA
(R+DU) only,3,3,BA
(R+DU) only,4,3540,BA
(R+DU) only,5,10215,BA
(R+DU) only,6,81094,BA
(R+DU) only,7,13878,BA
(R+DU) only,8,642,BA
(R+DU) only,9,140,BA
(R+DU) only,10,28,BA
(R+DU) only,11,6,BA
D1 only,1,189,BA
D1 only,2,171943,BA
D1 only,3,495153,BA
D1 only,4,650709,BA
D1 only,5,446261,BA
D1 only,6,304790,BA
D1 only,7,192716,BA
D1 only,8,87635,BA
D1 only,9,41981,BA
D1 only,10,21323,BA
D1 only,11,5405,BA
D1+D2+DU+R,1,0,BA
D1+D2+DU+R,2,0,BA
D1+D2+DU+R,3,0,BA
D1+D2+DU+R,4,10,BA
D1+D2+DU+R,5,10,BA
D1+D2+DU+R,6,27,BA
D1+D2+DU+R,7,5,BA
D1+D2+DU+R,8,9,BA
D1+D2+DU+R,9,4,BA
D1+D2+DU+R,10,1,BA
D1+D2+DU+R,11,0,BA
DU only,1,2,BA
DU only,2,9,BA
DU only,3,108,BA
DU only,4,10106,BA
DU only,5,22191,BA
DU only,6,83217,BA
DU only,7,24706,BA
DU only,8,2244,BA
DU only,9,478,BA
DU only,10,165,BA
DU only,11,45,BA
R+DU,1,0,BA
R+DU,2,0,BA
R+DU,3,0,BA
R+DU,4,10,BA
R+DU,5,14,BA
R+DU,6,42,BA
R+DU,7,17,BA
R+DU,8,9,BA
R+DU,9,1,BA
R+DU,10,1,BA
R+DU,11,0,BA
(D1+D2) only,1,336,CE
(D1+D2) only,2,871,CE
(D1+D2) only,3,430111,CE
(D1+D2) only,4,1089624,CE
(D1+D2) only,5,800292,CE
(D1+D2) only,6,597304,CE
(D1+D2) only,7,443619,CE
(D1+D2) only,8,215930,CE
(D1+D2) only,9,121578,CE
(D1+D2) only,10,56113,CE
(D1+D2) only,11,14242,CE
(D1+D2+DU) only,1,1,CE
(D1+D2+DU) only,2,4,CE
(D1+D2+DU) only,3,12,CE
(D1+D2+DU) only,4,770,CE
(D1+D2+DU) only,5,987,CE
(D1+D2+DU) only,6,1879,CE
(D1+D2+DU) only,7,2087,CE
(D1+D2+DU) only,8,367,CE
(D1+D2+DU) only,9,90,CE
(D1+D2+DU) only,10,29,CE
(D1+D2+DU) only,11,9,CE
(D1+D2+R) only,1,14,CE
(D1+D2+R) only,2,24,CE
(D1+D2+R) only,3,421,CE
(D1+D2+R) only,4,146458,CE
(D1+D2+R) only,5,226259,CE
(D1+D2+R) only,6,293135,CE
(D1+D2+R) only,7,323780,CE
(D1+D2+R) only,8,299825,CE
(D1+D2+R) only,9,200250,CE
(D1+D2+R) only,10,81113,CE
(D1+D2+R) only,11,15753,CE
(D1+DU) only,1,2,CE
(D1+DU) only,2,3,CE
(D1+DU) only,3,28,CE
(D1+DU) only,4,81,CE
(D1+DU) only,5,737,CE
(D1+DU) only,6,981,CE
(D1+DU) only,7,210,CE
(D1+DU) only,8,36,CE
(D1+DU) only,9,19,CE
(D1+DU) only,10,6,CE
(D1+DU) only,11,1,CE
(D1+R) only,1,2,CE
(D1+R) only,2,10,CE
(D1+R) only,3,874,CE
(D1+R) only,4,5301,CE
(D1+R) only,5,21183,CE
(D1+R) only,6,25195,CE
(D1+R) only,7,13480,CE
(D1+R) only,8,18058,CE
(D1+R) only,9,9140,CE
(D1+R) only,10,5676,CE
(D1+R) only,11,1197,CE
(D2+DU) only,1,0,CE
(D2+DU) only,2,0,CE
(D2+DU) only,3,0,CE
(D2+DU) only,4,38,CE
(D2+DU) only,5,155,CE
(D2+DU) only,6,102,CE
(D2+DU) only,7,108,CE
(D2+DU) only,8,10,CE
(D2+DU) only,9,2,CE
(D2+DU) only,10,1,CE
(D2+DU) only,11,1,CE
(D2+R+DU) only,1,0,CE
(D2+R+DU) only,2,0,CE
(D2+R+DU) only,3,0,CE
(D2+R+DU) only,4,1,CE
(D2+R+DU) only,5,3,CE
(D2+R+DU) only,6,5,CE
(D2+R+DU) only,7,1,CE
(D2+R+DU) only,8,0,CE
(D2+R+DU) only,9,1,CE
(D2+R+DU) only,10,0,CE
(D2+R+DU) only,11,0,CE
(R+DU) only,1,0,CE
(R+DU) only,2,0,CE
(R+DU) only,3,2,CE
(R+DU) only,4,249,CE
(R+DU) only,5,4368,CE
(R+DU) only,6,3849,CE
(R+DU) only,7,902,CE
(R+DU) only,8,65,CE
(R+DU) only,9,13,CE
(R+DU) only,10,3,CE
(R+DU) only,11,0,CE
D1 only,1,218,CE
D1 only,2,71246,CE
D1 only,3,212280,CE
D1 only,4,302423,CE
D1 only,5,217783,CE
D1 only,6,162789,CE
D1 only,7,105525,CE
D1 only,8,65111,CE
D1 only,9,28652,CE
D1 only,10,20147,CE
D1 only,11,6187,CE
D1+D2+DU+R,1,0,CE
D1+D2+DU+R,2,0,CE
D1+D2+DU+R,3,0,CE
D1+D2+DU+R,4,5,CE
D1+D2+DU+R,5,11,CE
D1+D2+DU+R,6,12,CE
D1+D2+DU+R,7,8,CE
D1+D2+DU+R,8,4,CE
D1+D2+DU+R,9,1,CE
D1+D2+DU+R,10,0,CE
D1+D2+DU+R,11,0,CE
DU only,1,1,CE
DU only,2,7,CE
DU only,3,12,CE
DU only,4,3045,CE
DU only,5,25461,CE
DU only,6,9843,CE
DU only,7,4923,CE
DU only,8,696,CE
DU only,9,211,CE
DU only,10,70,CE
DU only,11,22,CE
R+DU,1,0,CE
R+DU,2,0,CE
R+DU,3,1,CE
R+DU,4,10,CE
R+DU,5,100,CE
R+DU,6,181,CE
R+DU,7,29,CE
R+DU,8,4,CE
R+DU,9,1,CE
R+DU,10,0,CE
R+DU,11,0,CE
(D1+D2) only,1,2,DF
(D1+D2) only,2,32,DF
(D1+D2) only,3,154375,DF
(D1+D2) only,4,373503,DF
(D1+D2) only,5,289292,DF
(D1+D2) only,6,254747,DF
(D1+D2) only,7,167891,DF
(D1+D2) only,8,79182,DF
(D1+D2) only,9,27665,DF
(D1+D2) only,10,12749,DF
(D1+D2) only,11,2618,DF
(D1+D2+DU) only,1,0,DF
(D1+D2+DU) only,2,0,DF
(D1+D2+DU) only,3,2,DF
(D1+D2+DU) only,4,12,DF
(D1+D2+DU) only,5,14,DF
(D1+D2+DU) only,6,24,DF
(D1+D2+DU) only,7,23,DF
(D1+D2+DU) only,8,12,DF
(D1+D2+DU) only,9,4,DF
(D1+D2+DU) only,10,7,DF
(D1+D2+DU) only,11,2,DF
(D1+D2+R) only,1,0,DF
(D1+D2+R) only,2,0,DF
(D1+D2+R) only,3,193,DF
(D1+D2+R) only,4,45023,DF
(D1+D2+R) only,5,79309,DF
(D1+D2+R) only,6,105932,DF
(D1+D2+R) only,7,129374,DF
(D1+D2+R) only,8,108112,DF
(D1+D2+R) only,9,71768,DF
(D1+D2+R) only,10,25124,DF
(D1+D2+R) only,11,3825,DF
(D1+DU) only,1,0,DF
(D1+DU) only,2,0,DF
(D1+DU) only,3,1,DF
(D1+DU) only,4,18,DF
(D1+DU) only,5,26,DF
(D1+DU) only,6,17,DF
(D1+DU) only,7,14,DF
(D1+DU) only,8,2,DF
(D1+DU) only,9,0,DF
(D1+DU) only,10,0,DF
(D1+DU) only,11,0,DF
(D1+R) only,1,0,DF
(D1+R) only,2,2,DF
(D1+R) only,3,847,DF
(D1+R) only,4,2387,DF
(D1+R) only,5,2775,DF
(D1+R) only,6,3331,DF
(D1+R) only,7,3736,DF
(D1+R) only,8,3119,DF
(D1+R) only,9,1819,DF
(D1+R) only,10,1324,DF
(D1+R) only,11,207,DF
(D2+DU) only,1,0,DF
(D2+DU) only,2,0,DF
(D2+DU) only,3,19,DF
(D2+DU) only,4,38,DF
(D2+DU) only,5,43,DF
(D2+DU) only,6,22,DF
(D2+DU) only,7,8,DF
(D2+DU) only,8,0,DF
(D2+DU) only,9,0,DF
(D2+DU) only,10,0,DF
(D2+DU) only,11,0,DF
(D2+R+DU) only,1,0,DF
(D2+R+DU) only,2,0,DF
(D2+R+DU) only,3,0,DF
(D2+R+DU) only,4,5,DF
(D2+R+DU) only,5,4,DF
(D2+R+DU) only,6,4,DF
(D2+R+DU) only,7,1,DF
(D2+R+DU) only,8,0,DF
(D2+R+DU) only,9,0,DF
(D2+R+DU) only,10,0,DF
(D2+R+DU) only,11,0,DF
(R+DU) only,1,0,DF
(R+DU) only,2,0,DF
(R+DU) only,3,9,DF
(R+DU) only,4,4983,DF
(R+DU) only,5,7934,DF
(R+DU) only,6,7391,DF
(R+DU) only,7,1515,DF
(R+DU) only,8,30,DF
(R+DU) only,9,5,DF
(R+DU) only,10,2,DF
(R+DU) only,11,0,DF
D1 only,1,6,DF
D1 only,2,57493,DF
D1 only,3,75310,DF
D1 only,4,117938,DF
D1 only,5,65661,DF
D1 only,6,43743,DF
D1 only,7,23037,DF
D1 only,8,8536,DF
D1 only,9,3416,DF
D1 only,10,2380,DF
D1 only,11,574,DF
D1+D2+DU+R,1,0,DF
D1+D2+DU+R,2,0,DF
D1+D2+DU+R,3,0,DF
D1+D2+DU+R,4,2,DF
D1+D2+DU+R,5,1,DF
D1+D2+DU+R,6,1,DF
D1+D2+DU+R,7,7,DF
D1+D2+DU+R,8,1,DF
D1+D2+DU+R,9,1,DF
D1+D2+DU+R,10,0,DF
D1+D2+DU+R,11,0,DF
DU only,1,1,DF
DU only,2,0,DF
DU only,3,29,DF
DU only,4,11294,DF
DU only,5,13309,DF
DU only,6,9835,DF
DU only,7,2612,DF
DU only,8,151,DF
DU only,9,34,DF
DU only,10,9,DF
DU only,11,1,DF
R+DU,1,0,DF
R+DU,2,0,DF
R+DU,3,0,DF
R+DU,4,0,DF
R+DU,5,10,DF
R+DU,6,8,DF
R+DU,7,4,DF
R+DU,8,5,DF
R+DU,9,0,DF
R+DU,10,0,DF
R+DU,11,0,DF
(D1+D2) only,1,4,ES
(D1+D2) only,2,107,ES
(D1+D2) only,3,194725,ES
(D1+D2) only,4,460535,ES
(D1+D2) only,5,357924,ES
(D1+D2) only,6,298994,ES
(D1+D2) only,7,218454,ES
(D1+D2) only,8,83637,ES
(D1+D2) only,9,27083,ES
(D1+D2) only,10,13543,ES
(D1+D2) only,11,3588,ES
(D1+D2+DU) only,1,0,ES
(D1+D2+DU) only,2,0,ES
(D1+D2+DU) only,3,1,ES
(D1+D2+DU) only,4,153,ES
(D1+D2+DU) only,5,282,ES
(D1+D2+DU) only,6,392,ES
(D1+D2+DU) only,7,457,ES
(D1+D2+DU) only,8,229,ES
(D1+D2+DU) only,9,69,ES
(D1+D2+DU) only,10,18,ES
(D1+D2+DU) only,11,3,ES
(D1+D2+R) only,1,0,ES
(D1+D2+R) only,2,2,ES
(D1+D2+R) only,3,157,ES
(D1+D2+R) only,4,74591,ES
(D1+D2+R) only,5,128327,ES
(D1+D2+R) only,6,173370,ES
(D1+D2+R) only,7,205632,ES
(D1+D2+R) only,8,248966,ES
(D1+D2+R) only,9,135207,ES
(D1+D2+R) only,10,52551,ES
(D1+D2+R) only,11,10235,ES
(D1+DU) only,1,0,ES
(D1+DU) only,2,0,ES
(D1+DU) only,3,6,ES
(D1+DU) only,4,47,ES
(D1+DU) only,5,487,ES
(D1+DU) only,6,260,ES
(D1+DU) only,7,44,ES
(D1+DU) only,8,17,ES
(D1+DU) only,9,1,ES
(D1+DU) only,10,1,ES
(D1+DU) only,11,2,ES
(D1+R) only,1,0,ES
(D1+R) only,2,0,ES
(D1+R) only,3,338,ES
(D1+R) only,4,1691,ES
(D1+R) only,5,2382,ES
(D1+R) only,6,2693,ES
(D1+R) only,7,3265,ES
(D1+R) only,8,4587,ES
(D1+R) only,9,2136,ES
(D1+R) only,10,1320,ES
(D1+R) only,11,241,ES
(D2+DU) only,1,0,ES
(D2+DU) only,2,0,ES
(D2+DU) only,3,1,ES
(D2+DU) only,4,84,ES
(D2+DU) only,5,927,ES
(D2+DU) only,6,514,ES
(D2+DU) only,7,47,ES
(D2+DU) only,8,12,ES
(D2+DU) only,9,0,ES
(D2+DU) only,10,6,ES
(D2+DU) only,11,0,ES
(D2+R+DU) only,1,0,ES
(D2+R+DU) only,2,0,ES
(D2+R+DU) only,3,0,ES
(D2+R+DU) only,4,0,ES
(D2+R+DU) only,5,13,ES
(D2+R+DU) only,6,9,ES
(D2+R+DU) only,7,1,ES
(D2+R+DU) only,8,0,ES
(D2+R+DU) only,9,5,ES
(D2+R+DU) only,10,17,ES
(D2+R+DU) only,11,0,ES
(R+DU) only,1,0,ES
(R+DU) only,2,0,ES
(R+DU) only,3,0,ES
(R+DU) only,4,1346,ES
(R+DU) only,5,31215,ES
(R+DU) only,6,16736,ES
(R+DU) only,7,1645,ES
(R+DU) only,8,171,ES
(R+DU) only,9,40,ES
(R+DU) only,10,11,ES
(R+DU) only,11,1,ES
D1 only,1,33,ES
D1 only,2,67781,ES
D1 only,3,91954,ES
D1 only,4,133602,ES
D1 only,5,74589,ES
D1 only,6,48304,ES
D1 only,7,28903,ES
D1 only,8,12059,ES
D1 only,9,4345,ES
D1 only,10,2742,ES
D1 only,11,704,ES
D1+D2+DU+R,1,0,ES
D1+D2+DU+R,2,0,ES
D1+D2+DU+R,3,0,ES
D1+D2+DU+R,4,2,ES
D1+D2+DU+R,5,11,ES
D1+D2+DU+R,6,3,ES
D1+D2+DU+R,7,2,ES
D1+D2+DU+R,8,3,ES
D1+D2+DU+R,9,3,ES
D1+D2+DU+R,10,4,ES
D1+D2+DU+R,11,1,ES
DU only,1,1,ES
DU only,2,1,ES
DU only,3,11,ES
DU only,4,1624,ES
DU only,5,26932,ES
DU only,6,18882,ES
DU only,7,3400,ES
DU only,8,484,ES
DU only,9,100,ES
DU only,10,39,ES
DU only,11,6,ES
R+DU,1,0,ES
R+DU,2,0,ES
R+DU,3,0,ES
R+DU,4,3,ES
R+DU,5,20,ES
R+DU,6,20,ES
R+DU,7,4,ES
R+DU,8,3,ES
R+DU,9,0,ES
R+DU,10,0,ES
R+DU,11,2,ES
(D1+D2) only,1,3,GO
(D1+D2) only,2,118,GO
(D1+D2) only,3,303980,GO
(D1+D2) only,4,861323,GO
(D1+D2) only,5,736585,GO
(D1+D2) only,6,599088,GO
(D1+D2) only,7,424622,GO
(D1+D2) only,8,194988,GO
(D1+D2) only,9,64753,GO
(D1+D2) only,10,29319,GO
(D1+D2) only,11,5943,GO
(D1+D2+DU) only,1,0,GO
(D1+D2+DU) only,2,0,GO
(D1+D2+DU) only,3,1,GO
(D1+D2+DU) only,4,11,GO
(D1+D2+DU) only,5,25,GO
(D1+D2+DU) only,6,41,GO
(D1+D2+DU) only,7,27,GO
(D1+D2+DU) only,8,14,GO
(D1+D2+DU) only,9,4,GO
(D1+D2+DU) only,10,0,GO
(D1+D2+DU) only,11,1,GO
(D1+D2+R) only,1,0,GO
(D1+D2+R) only,2,0,GO
(D1+D2+R) only,3,181,GO
(D1+D2+R) only,4,94600,GO
(D1+D2+R) only,5,136604,GO
(D1+D2+R) only,6,196444,GO
(D1+D2+R) only,7,260244,GO
(D1+D2+R) only,8,291020,GO
(D1+D2+R) only,9,180930,GO
(D1+D2+R) only,10,60493,GO
(D1+D2+R) only,11,9349,GO
(D1+DU) only,1,0,GO
(D1+DU) only,2,0,GO
(D1+DU) only,3,3,GO
(D1+DU) only,4,29,GO
(D1+DU) only,5,35,GO
(D1+DU) only,6,53,GO
(D1+DU) only,7,19,GO
(D1+DU) only,8,18,GO
(D1+DU) only,9,2,GO
(D1+DU) only,10,0,GO
(D1+DU) only,11,0,GO
(D1+R) only,1,0,GO
(D1+R) only,2,2,GO
(D1+R) only,3,2797,GO
(D1+R) only,4,5217,GO
(D1+R) only,5,6000,GO
(D1+R) only,6,6542,GO
(D1+R) only,7,7354,GO
(D1+R) only,8,6727,GO
(D1+R) only,9,4144,GO
(D1+R) only,10,2173,GO
(D1+R) only,11,306,GO
(D2+DU) only,1,0,GO
(D2+DU) only,2,0,GO
(D2+DU) only,3,0,GO
(D2+DU) only,4,74,GO
(D2+DU) only,5,105,GO
(D2+DU) only,6,212,GO
(D2+DU) only,7,36,GO
(D2+DU) only,8,2,GO
(D2+DU) only,9,1,GO
(D2+DU) only,10,0,GO
(D2+DU) only,11,0,GO
(D2+R+DU) only,1,0,GO
(D2+R+DU) only,2,0,GO
(D2+R+DU) only,3,0,GO
(D2+R+DU) only,4,4,GO
(D2+R+DU) only,5,8,GO
(D2+R+DU) only,6,21,GO
(D2+R+DU) only,7,1,GO
(D2+R+DU) only,8,2,GO
(D2+R+DU) only,9,0,GO
(D2+R+DU) only,10,1,GO
(D2+R+DU) only,11,0,GO
(R+DU) only,1,0,GO
(R+DU) only,2,0,GO
(R+DU) only,3,4,GO
(R+DU) only,4,5809,GO
(R+DU) only,5,13093,GO
(R+DU) only,6,35859,GO
(R+DU) only,7,6134,GO
(R+DU) only,8,276,GO
(R+DU) only,9,53,GO
(R+DU) only,10,14,GO
(R+DU) only,11,2,GO
D1 only,1,15,GO
D1 only,2,53420,GO
D1 only,3,198044,GO
D1 only,4,266446,GO
D1 only,5,176505,GO
D1 only,6,114833,GO
D1 only,7,56257,GO
D1 only,8,20038,GO
D1 only,9,7282,GO
D1 only,10,3970,GO
D1 only,11,965,GO
D1+D2+DU+R,1,0,GO
D1+D2+DU+R,2,0,GO
D1+D2+DU+R,3,0,GO
D1+D2+DU+R,4,0,GO
D1+D2+DU+R,5,2,GO
D1+D2+DU+R,6,7,GO
D1+D2+DU+R,7,1,GO
D1+D2+DU+R,8,3,GO
D1+D2+DU+R,9,0,GO
D1+D2+DU+R,10,1,GO
D1+D2+DU+R,11,0,GO
DU only,1,0,GO
DU only,2,1,GO
DU only,3,18,GO
DU only,4,13234,GO
DU only,5,22838,GO
DU only,6,46792,GO
DU only,7,10617,GO
DU only,8,972,GO
DU only,9,210,GO
DU only,10,73,GO
DU only,11,15,GO
R+DU,1,0,GO
R+DU,2,0,GO
R+DU,3,0,GO
R+DU,4,5,GO
R+DU,5,10,GO
R+DU,6,16,GO
R+DU,7,10,GO
R+DU,8,5,GO
R+DU,9,0,GO
R+DU,10,0,GO
R+DU,11,0,GO
(D1+D2) only,1,6,MA
(D1+D2) only,2,366,MA
(D1+D2) only,3,388194,MA
(D1+D2) only,4,668434,MA
(D1+D2) only,5,564408,MA
(D1+D2) only,6,460171,MA
(D1+D2) only,7,328035,MA
(D1+D2) only,8,177090,MA
(D1+D2) only,9,81083,MA
(D1+D2) only,10,39146,MA
(D1+D2) only,11,9508,MA
(D1+D2+DU) only,1,0,MA
(D1+D2+DU) only,2,1,MA
(D1+D2+DU) only,3,2,MA
(D1+D2+DU) only,4,14,MA
(D1+D2+DU) only,5,14,MA
(D1+D2+DU) only,6,11,MA
(D1+D2+DU) only,7,11,MA
(D1+D2+DU) only,8,6,MA
(D1+D2+DU) only,9,6,MA
(D1+D2+DU) only,10,1,MA
(D1+D2+DU) only,11,0,MA
(D1+D2+R) only,1,0,MA
(D1+D2+R) only,2,3,MA
(D1+D2+R) only,3,1148,MA
(D1+D2+R) only,4,90274,MA
(D1+D2+R) only,5,121785,MA
(D1+D2+R) only,6,139063,MA
(D1+D2+R) only,7,151175,MA
(D1+D2+R) only,8,186374,MA
(D1+D2+R) only,9,121842,MA
(D1+D2+R) only,10,46271,MA
(D1+D2+R) only,11,8377,MA
(D1+DU) only,1,0,MA
(D1+DU) only,2,1,MA
(D1+DU) only,3,1,MA
(D1+DU) only,4,36,MA
(D1+DU) only,5,28,MA
(D1+DU) only,6,26,MA
(D1+DU) only,7,12,MA
(D1+DU) only,8,9,MA
(D1+DU) only,9,3,MA
(D1+DU) only,10,1,MA
(D1+DU) only,11,3,MA
(D1+R) only,1,0,MA
(D1+R) only,2,4,MA
(D1+R) only,3,2256,MA
(D1+R) only,4,5924,MA
(D1+R) only,5,6298,MA
(D1+R) only,6,6234,MA
(D1+R) only,7,6532,MA
(D1+R) only,8,7113,MA
(D1+R) only,9,4440,MA
(D1+R) only,10,1924,MA
(D1+R) only,11,385,MA
(D2+DU) only,1,0,MA
(D2+DU) only,2,0,MA
(D2+DU) only,3,0,MA
(D2+DU) only,4,231,MA
(D2+DU) only,5,221,MA
(D2+DU) only,6,130,MA
(D2+DU) only,7,69,MA
(D2+DU) only,8,8,MA
(D2+DU) only,9,1,MA
(D2+DU) only,10,0,MA
(D2+DU) only,11,0,MA
(D2+R+DU) only,1,0,MA
(D2+R+DU) only,2,0,MA
(D2+R+DU) only,3,0,MA
(D2+R+DU) only,4,5,MA
(D2+R+DU) only,5,14,MA
(D2+R+DU) only,6,0,MA
(D2+R+DU) only,7,1,MA
(D2+R+DU) only,8,1,MA
(D2+R+DU) only,9,0,MA
(D2+R+DU) only,10,0,MA
(D2+R+DU) only,11,0,MA
(R+DU) only,1,0,MA
(R+DU) only,2,0,MA
(R+DU) only,3,9,MA
(R+DU) only,4,5683,MA
(R+DU) only,5,8125,MA
(R+DU) only,6,5535,MA
(R+DU) only,7,2992,MA
(R+DU) only,8,317,MA
(R+DU) only,9,73,MA
(R+DU) only,10,43,MA
(R+DU) only,11,14,MA
D1 only,1,31,MA
D1 only,2,42286,MA
D1 only,3,202683,MA
D1 only,4,281317,MA
D1 only,5,177545,MA
D1 only,6,112542,MA
D1 only,7,62052,MA
D1 only,8,27352,MA
D1 only,9,11600,MA
D1 only,10,6645,MA
D1 only,11,1854,MA
D1+D2+DU+R,1,0,MA
D1+D2+DU+R,2,0,MA
D1+D2+DU+R,3,0,MA
D1+D2+DU+R,4,1,MA
D1+D2+DU+R,5,4,MA
D1+D2+DU+R,6,1,MA
D1+D2+DU+R,7,1,MA
D1+D2+DU+R,8,0,MA
D1+D2+DU+R,9,2,MA
D1+D2+DU+R,10,1,MA
D1+D2+DU+R,11,2,MA
DU only,1,0,MA
DU only,2,2,MA
DU only,3,60,MA
DU only,4,29041,MA
DU only,5,28686,MA
DU only,6,19047,MA
DU only,7,9928,MA
DU only,8,1619,MA
DU only,9,445,MA
DU only,10,156,MA
DU only,11,47,MA
R+DU,1,0,MA
R+DU,2,0,MA
R+DU,3,1,MA
R+DU,4,9,MA
R+DU,5,4,MA
R+DU,6,6,MA
R+DU,7,3,MA
R+DU,8,9,MA
R+DU,9,0,MA
R+DU,10,2,MA
R+DU,11,1,MA
(D1+D2) only,1,65,MG
(D1+D2) only,2,657,MG
(D1+D2) only,3,844852,MG
(D1+D2) only,4,2374458,MG
(D1+D2) only,5,1999756,MG
(D1+D2) only,6,1686155,MG
(D1+D2) only,7,1285113,MG
(D1+D2) only,8,684499,MG
(D1+D2) only,9,238897,MG
(D1+D2) only,10,125846,MG
(D1+D2) only,11,27093,MG
(D1+D2+DU) only,1,0,MG
(D1+D2+DU) only,2,0,MG
(D1+D2+DU) only,3,27,MG
(D1+D2+DU) only,4,57,MG
(D1+D2+DU) only,5,67,MG
(D1+D2+DU) only,6,88,MG
(D1+D2+DU) only,7,37,MG
(D1+D2+DU) only,8,22,MG
(D1+D2+DU) only,9,12,MG
(D1+D2+DU) only,10,14,MG
(D1+D2+DU) only,11,3,MG
(D1+D2+R) only,1,7,MG
(D1+D2+R) only,2,22,MG
(D1+D2+R) only,3,692,MG
(D1+D2+R) only,4,347210,MG
(D1+D2+R) only,5,502332,MG
(D1+D2+R) only,6,619614,MG
(D1+D2+R) only,7,907151,MG
(D1+D2+R) only,8,1092915,MG
(D1+D2+R) only,9,717837,MG
(D1+D2+R) only,10,269411,MG
(D1+D2+R) only,11,54086,MG
(D1+DU) only,1,0,MG
(D1+DU) only,2,0,MG
(D1+DU) only,3,159,MG
(D1+DU) only,4,96,MG
(D1+DU) only,5,105,MG
(D1+DU) only,6,124,MG
(D1+DU) only,7,67,MG
(D1+DU) only,8,59,MG
(D1+DU) only,9,12,MG
(D1+DU) only,10,3,MG
(D1+DU) only,11,2,MG
(D1+R) only,1,1,MG
(D1+R) only,2,15,MG
(D1+R) only,3,6781,MG
(D1+R) only,4,17963,MG
(D1+R) only,5,20722,MG
(D1+R) only,6,22245,MG
(D1+R) only,7,29959,MG
(D1+R) only,8,37456,MG
(D1+R) only,9,24166,MG
(D1+R) only,10,11742,MG
(D1+R) only,11,2222,MG
(D2+DU) only,1,0,MG
(D2+DU) only,2,0,MG
(D2+DU) only,3,9,MG
(D2+DU) only,4,2339,MG
(D2+DU) only,5,4101,MG
(D2+DU) only,6,8384,MG
(D2+DU) only,7,257,MG
(D2+DU) only,8,63,MG
(D2+DU) only,9,13,MG
(D2+DU) only,10,1,MG
(D2+DU) only,11,0,MG
(D2+R+DU) only,1,0,MG
(D2+R+DU) only,2,0,MG
(D2+R+DU) only,3,0,MG
(D2+R+DU) only,4,8,MG
(D2+R+DU) only,5,17,MG
(D2+R+DU) only,6,44,MG
(D2+R+DU) only,7,21,MG
(D2+R+DU) only,8,48,MG
(D2+R+DU) only,9,12,MG
(D2+R+DU) only,10,1,MG
(D2+R+DU) only,11,2,MG
(R+DU) only,1,0,MG
(R+DU) only,2,2,MG
(R+DU) only,3,12,MG
(R+DU) only,4,16061,MG
(R+DU) only,5,47305,MG
(R+DU) only,6,109829,MG
(R+DU) only,7,46040,MG
(R+DU) only,8,599,MG
(R+DU) only,9,88,MG
(R+DU) only,10,33,MG
(R+DU) only,11,6,MG
D1 only,1,116,MG
D1 only,2,222364,MG
D1 only,3,539714,MG
D1 only,4,719231,MG
D1 only,5,445915,MG
D1 only,6,304920,MG
D1 only,7,181734,MG
D1 only,8,83495,MG
D1 only,9,26783,MG
D1 only,10,20203,MG
D1 only,11,4428,MG
D1+D2+DU+R,1,0,MG
D1+D2+DU+R,2,0,MG
D1+D2+DU+R,3,1,MG
D1+D2+DU+R,4,3,MG
D1+D2+DU+R,5,15,MG
D1+D2+DU+R,6,22,MG
D1+D2+DU+R,7,13,MG
D1+D2+DU+R,8,7,MG
D1+D2+DU+R,9,6,MG
D1+D2+DU+R,10,16,MG
D1+D2+DU+R,11,5,MG
DU only,1,3,MG
DU only,2,15,MG
DU only,3,86,MG
DU only,4,33966,MG
DU only,5,63648,MG
DU only,6,115392,MG
DU only,7,43908,MG
DU only,8,1836,MG
DU only,9,321,MG
DU only,10,100,MG
DU only,11,32,MG
R+DU,1,0,MG
R+DU,2,0,MG
R+DU,3,0,MG
R+DU,4,12,MG
R+DU,5,29,MG
R+DU,6,45,MG
R+DU,7,31,MG
R+DU,8,60,MG
R+DU,9,26,MG
R+DU,10,3,MG
R+DU,11,0,MG
(D1+D2) only,1,13,MS
(D1+D2) only,2,130,MS
(D1+D2) only,3,165189,MS
(D1+D2) only,4,265197,MS
(D1+D2) only,5,200517,MS
(D1+D2) only,6,167907,MS
(D1+D2) only,7,136949,MS
(D1+D2) only,8,54727,MS
(D1+D2) only,9,22616,MS
(D1+D2) only,10,10416,MS
(D1+D2) only,11,2437,MS
(D1+D2+DU) only,1,0,MS
(D1+D2+DU) only,2,0,MS
(D1+D2+DU) only,3,671,MS
(D1+D2+DU) only,4,34870,MS
(D1+D2+DU) only,5,45485,MS
(D1+D2+DU) only,6,49639,MS
(D1+D2+DU) only,7,59737,MS
(D1+D2+DU) only,8,62899,MS
(D1+D2+DU) only,9,35164,MS
(D1+D2+DU) only,10,13305,MS
(D1+D2+DU) only,11,2433,MS
(D1+D2+R) only,1,0,MS
(D1+D2+R) only,2,1,MS
(D1+D2+R) only,3,1031,MS
(D1+D2+R) only,4,48473,MS
(D1+D2+R) only,5,59052,MS
(D1+D2+R) only,6,73554,MS
(D1+D2+R) only,7,82384,MS
(D1+D2+R) only,8,85957,MS
(D1+D2+R) only,9,45755,MS
(D1+D2+R) only,10,16368,MS
(D1+D2+R) only,11,2685,MS
(D1+DU) only,1,0,MS
(D1+DU) only,2,0,MS
(D1+DU) only,3,3,MS
(D1+DU) only,4,3427,MS
(D1+DU) only,5,7346,MS
(D1+DU) only,6,13033,MS
(D1+DU) only,7,1413,MS
(D1+DU) only,8,519,MS
(D1+DU) only,9,182,MS
(D1+DU) only,10,81,MS
(D1+DU) only,11,22,MS
(D1+R) only,1,0,MS
(D1+R) only,2,1,MS
(D1+R) only,3,448,MS
(D1+R) only,4,1922,MS
(D1+R) only,5,1815,MS
(D1+R) only,6,2101,MS
(D1+R) only,7,2191,MS
(D1+R) only,8,2735,MS
(D1+R) only,9,1662,MS
(D1+R) only,10,601,MS
(D1+R) only,11,84,MS
(D2+DU) only,1,0,MS
(D2+DU) only,2,0,MS
(D2+DU) only,3,13,MS
(D2+DU) only,4,531,MS
(D2+DU) only,5,498,MS
(D2+DU) only,6,835,MS
(D2+DU) only,7,588,MS
(D2+DU) only,8,435,MS
(D2+DU) only,9,138,MS
(D2+DU) only,10,68,MS
(D2+DU) only,11,22,MS
(D2+R+DU) only,1,0,MS
(D2+R+DU) only,2,0,MS
(D2+R+DU) only,3,2,MS
(D2+R+DU) only,4,10,MS
(D2+R+DU) only,5,13,MS
(D2+R+DU) only,6,6,MS
(D2+R+DU) only,7,2,MS
(D2+R+DU) only,8,0,MS
(D2+R+DU) only,9,1,MS
(D2+R+DU) only,10,0,MS
(D2+R+DU) only,11,0,MS
(R+DU) only,1,0,MS
(R+DU) only,2,0,MS
(R+DU) only,3,35,MS
(R+DU) only,4,20519,MS
(R+DU) only,5,22713,MS
(R+DU) only,6,12874,MS
(R+DU) only,7,3062,MS
(R+DU) only,8,493,MS
(R+DU) only,9,124,MS
(R+DU) only,10,27,MS
(R+DU) only,11,4,MS
D1 only,1,12,MS
D1 only,2,13919,MS
D1 only,3,60495,MS
D1 only,4,84724,MS
D1 only,5,52141,MS
D1 only,6,39614,MS
D1 only,7,20180,MS
D1 only,8,8248,MS
D1 only,9,3424,MS
D1 only,10,1556,MS
D1 only,11,387,MS
D1+D2+DU+R,1,0,MS
D1+D2+DU+R,2,0,MS
D1+D2+DU+R,3,0,MS
D1+D2+DU+R,4,7,MS
D1+D2+DU+R,5,12,MS
D1+D2+DU+R,6,15,MS
D1+D2+DU+R,7,22,MS
D1+D2+DU+R,8,93,MS
D1+D2+DU+R,9,26,MS
D1+D2+DU+R,10,12,MS
D1+D2+DU+R,11,2,MS
DU only,1,3,MS
DU only,2,1,MS
DU only,3,79,MS
DU only,4,49661,MS
DU only,5,42508,MS
DU only,6,21368,MS
DU only,7,7925,MS
DU only,8,2590,MS
DU only,9,1110,MS
DU only,10,369,MS
DU only,11,80,MS
R+DU,1,0,MS
R+DU,2,0,MS
R+DU,3,0,MS
R+DU,4,8,MS
R+DU,5,13,MS
R+DU,6,10,MS
R+DU,7,7,MS
R+DU,8,3,MS
R+DU,9,1,MS
R+DU,10,2,MS
R+DU,11,0,MS
(D1+D2) only,1,1,MT
(D1+D2) only,2,56,MT
(D1+D2) only,3,143667,MT
(D1+D2) only,4,421489,MT
(D1+D2) only,5,366975,MT
(D1+D2) only,6,301723,MT
(D1+D2) only,7,219271,MT
(D1+D2) only,8,111697,MT
(D1+D2) only,9,35675,MT
(D1+D2) only,10,13843,MT
(D1+D2) only,11,2621,MT
(D1+D2+DU) only,1,0,MT
(D1+D2+DU) only,2,0,MT
(D1+D2+DU) only,3,1,MT
(D1+D2+DU) only,4,134,MT
(D1+D2+DU) only,5,236,MT
(D1+D2+DU) only,6,269,MT
(D1+D2+DU) only,7,316,MT
(D1+D2+DU) only,8,222,MT
(D1+D2+DU) only,9,338,MT
(D1+D2+DU) only,10,88,MT
(D1+D2+DU) only,11,7,MT
(D1+D2+R) only,1,0,MT
(D1+D2+R) only,2,0,MT
(D1+D2+R) only,3,103,MT
(D1+D2+R) only,4,42603,MT
(D1+D2+R) only,5,61619,MT
(D1+D2+R) only,6,77053,MT
(D1+D2+R) only,7,94744,MT
(D1+D2+R) only,8,106653,MT
(D1+D2+R) only,9,67420,MT
(D1+D2+R) only,10,21675,MT
(D1+D2+R) only,11,3183,MT
(D1+DU) only,1,0,MT
(D1+DU) only,2,0,MT
(D1+DU) only,3,6,MT
(D1+DU) only,4,30,MT
(D1+DU) only,5,39,MT
(D1+DU) only,6,51,MT
(D1+DU) only,7,29,MT
(D1+DU) only,8,20,MT
(D1+DU) only,9,8,MT
(D1+DU) only,10,2,MT
(D1+DU) only,11,0,MT
(D1+R) only,1,0,MT
(D1+R) only,2,0,MT
(D1+R) only,3,1047,MT
(D1+R) only,4,2256,MT
(D1+R) only,5,2329,MT
(D1+R) only,6,2400,MT
(D1+R) only,7,2562,MT
(D1+R) only,8,3195,MT
(D1+R) only,9,1921,MT
(D1+R) only,10,855,MT
(D1+R) only,11,98,MT
(D2+DU) only,1,0,MT
(D2+DU) only,2,0,MT
(D2+DU) only,3,0,MT
(D2+DU) only,4,69,MT
(D2+DU) only,5,103,MT
(D2+DU) only,6,162,MT
(D2+DU) only,7,83,MT
(D2+DU) only,8,11,MT
(D2+DU) only,9,3,MT
(D2+DU) only,10,0,MT
(D2+DU) only,11,0,MT
(D2+R+DU) only,1,0,MT
(D2+R+DU) only,2,0,MT
(D2+R+DU) only,3,0,MT
(D2+R+DU) only,4,2,MT
(D2+R+DU) only,5,6,MT
(D2+R+DU) only,6,4,MT
(D2+R+DU) only,7,0,MT
(D2+R+DU) only,8,0,MT
(D2+R+DU) only,9,0,MT
(D2+R+DU) only,10,0,MT
(D2+R+DU) only,11,0,MT
(R+DU) only,1,1,MT
(R+DU) only,2,0,MT
(R+DU) only,3,6,MT
(R+DU) only,4,4876,MT
(R+DU) only,5,7294,MT
(R+DU) only,6,11190,MT
(R+DU) only,7,5301,MT
(R+DU) only,8,181,MT
(R+DU) only,9,33,MT
(R+DU) only,10,7,MT
(R+DU) only,11,0,MT
D1 only,1,19,MT
D1 only,2,24539,MT
D1 only,3,108073,MT
D1 only,4,153586,MT
D1 only,5,93215,MT
D1 only,6,57099,MT
D1 only,7,30911,MT
D1 only,8,12878,MT
D1 only,9,4318,MT
D1 only,10,2334,MT
D1 only,11,443,MT
D1+D2+DU+R,1,0,MT
D1+D2+DU+R,2,0,MT
D1+D2+DU+R,3,0,MT
D1+D2+DU+R,4,0,MT
D1+D2+DU+R,5,3,MT
D1+D2+DU+R,6,3,MT
D1+D2+DU+R,7,0,MT
D1+D2+DU+R,8,0,MT
D1+D2+DU+R,9,4,MT
D1+D2+DU+R,10,9,MT
D1+D2+DU+R,11,4,MT
DU only,1,0,MT
DU only,2,0,MT
DU only,3,22,MT
DU only,4,9688,MT
DU only,5,16379,MT
DU only,6,24288,MT
DU only,7,11834,MT
DU only,8,994,MT
DU only,9,204,MT
DU only,10,43,MT
DU only,11,10,MT
R+DU,1,0,MT
R+DU,2,0,MT
R+DU,3,0,MT
R+DU,4,3,MT
R+DU,5,8,MT
R+DU,6,8,MT
R+DU,7,15,MT
R+DU,8,5,MT
R+DU,9,1,MT
R+DU,10,0,MT
R+DU,11,0,MT
(D1+D2) only,1,6,PA
(D1+D2) only,2,2628,PA
(D1+D2) only,3,416772,PA
(D1+D2) only,4,919913,PA
(D1+D2) only,5,713760,PA
(D1+D2) only,6,578308,PA
(D1+D2) only,7,395298,PA
(D1+D2) only,8,193233,PA
(D1+D2) only,9,98889,PA
(D1+D2) only,10,42020,PA
(D1+D2) only,11,9015,PA
(D1+D2+DU) only,1,0,PA
(D1+D2+DU) only,2,1,PA
(D1+D2+DU) only,3,146,PA
(D1+D2+DU) only,4,28,PA
(D1+D2+DU) only,5,58,PA
(D1+D2+DU) only,6,35,PA
(D1+D2+DU) only,7,38,PA
(D1+D2+DU) only,8,17,PA
(D1+D2+DU) only,9,12,PA
(D1+D2+DU) only,10,1,PA
(D1+D2+DU) only,11,0,PA
(D1+D2+R) only,1,0,PA
(D1+D2+R) only,2,5,PA
(D1+D2+R) only,3,1021,PA
(D1+D2+R) only,4,89974,PA
(D1+D2+R) only,5,121586,PA
(D1+D2+R) only,6,145253,PA
(D1+D2+R) only,7,158730,PA
(D1+D2+R) only,8,215296,PA
(D1+D2+R) only,9,105684,PA
(D1+D2+R) only,10,33776,PA
(D1+D2+R) only,11,5791,PA
(D1+DU) only,1,0,PA
(D1+DU) only,2,0,PA
(D1+DU) only,3,28,PA
(D1+DU) only,4,34,PA
(D1+DU) only,5,50,PA
(D1+DU) only,6,30,PA
(D1+DU) only,7,37,PA
(D1+DU) only,8,29,PA
(D1+DU) only,9,5,PA
(D1+DU) only,10,0,PA
(D1+DU) only,11,0,PA
(D1+R) only,1,1,PA
(D1+R) only,2,15,PA
(D1+R) only,3,1663,PA
(D1+R) only,4,6095,PA
(D1+R) only,5,6908,PA
(D1+R) only,6,7399,PA
(D1+R) only,7,8543,PA
(D1+R) only,8,9373,PA
(D1+R) only,9,5272,PA
(D1+R) only,10,1857,PA
(D1+R) only,11,308,PA
(D2+DU) only,1,0,PA
(D2+DU) only,2,0,PA
(D2+DU) only,3,10,PA
(D2+DU) only,4,209,PA
(D2+DU) only,5,235,PA
(D2+DU) only,6,192,PA
(D2+DU) only,7,77,PA
(D2+DU) only,8,14,PA
(D2+DU) only,9,3,PA
(D2+DU) only,10,1,PA
(D2+DU) only,11,1,PA
(D2+R+DU) only,1,0,PA
(D2+R+DU) only,2,0,PA
(D2+R+DU) only,3,0,PA
(D2+R+DU) only,4,4,PA
(D2+R+DU) only,5,18,PA
(D2+R+DU) only,6,11,PA
(D2+R+DU) only,7,1,PA
(D2+R+DU) only,8,0,PA
(D2+R+DU) only,9,0,PA
(D2+R+DU) only,10,0,PA
(D2+R+DU) only,11,0,PA
(R+DU) only,1,0,PA
(R+DU) only,2,0,PA
(R+DU) only,3,13,PA
(R+DU) only,4,4607,PA
(R+DU) only,5,7661,PA
(R+DU) only,6,8901,PA
(R+DU) only,7,2453,PA
(R+DU) only,8,169,PA
(R+DU) only,9,56,PA
(R+DU) only,10,15,PA
(R+DU) only,11,2,PA
D1 only,1,31,PA
D1 only,2,54108,PA
D1 only,3,264180,PA
D1 only,4,386884,PA
D1 only,5,238765,PA
D1 only,6,160072,PA
D1 only,7,92375,PA
D1 only,8,37021,PA
D1 only,9,17057,PA
D1 only,10,7751,PA
D1 only,11,1787,PA
D1+D2+DU+R,1,0,PA
D1+D2+DU+R,2,0,PA
D1+D2+DU+R,3,0,PA
D1+D2+DU+R,4,0,PA
D1+D2+DU+R,5,4,PA
D1+D2+DU+R,6,5,PA
D1+D2+DU+R,7,0,PA
D1+D2+DU+R,8,2,PA
D1+D2+DU+R,9,2,PA
D1+D2+DU+R,10,0,PA
D1+D2+DU+R,11,0,PA
DU only,1,2,PA
DU only,2,2,PA
DU only,3,69,PA
DU only,4,25178,PA
DU only,5,34085,PA
DU only,6,32503,PA
DU only,7,14726,PA
DU only,8,1836,PA
DU only,9,536,PA
DU only,10,149,PA
DU only,11,33,PA
R+DU,1,0,PA
R+DU,2,0,PA
R+DU,3,1,PA
R+DU,4,2,PA
R+DU,5,4,PA
R+DU,6,5,PA
R+DU,7,4,PA
R+DU,8,3,PA
R+DU,9,1,PA
R+DU,10,1,PA
R+DU,11,0,PA
(D1+D2) only,1,5,PB
(D1+D2) only,2,98,PB
(D1+D2) only,3,190904,PB
(D1+D2) only,4,494567,PB
(D1+D2) only,5,415600,PB
(D1+D2) only,6,336440,PB
(D1+D2) only,7,232280,PB
(D1+D2) only,8,109050,PB
(D1+D2) only,9,49510,PB
(D1+D2) only,10,26877,PB
(D1+D2) only,11,6458,PB
(D1+D2+DU) only,1,0,PB
(D1+D2+DU) only,2,0,PB
(D1+D2+DU) only,3,10,PB
(D1+D2+DU) only,4,18,PB
(D1+D2+DU) only,5,62,PB
(D1+D2+DU) only,6,40,PB
(D1+D2+DU) only,7,35,PB
(D1+D2+DU) only,8,1,PB
(D1+D2+DU) only,9,0,PB
(D1+D2+DU) only,10,0,PB
(D1+D2+DU) only,11,0,PB
(D1+D2+R) only,1,0,PB
(D1+D2+R) only,2,1,PB
(D1+D2+R) only,3,163,PB
(D1+D2+R) only,4,70166,PB
(D1+D2+R) only,5,90455,PB
(D1+D2+R) only,6,110587,PB
(D1+D2+R) only,7,151535,PB
(D1+D2+R) only,8,175921,PB
(D1+D2+R) only,9,124516,PB
(D1+D2+R) only,10,48779,PB
(D1+D2+R) only,11,11014,PB
(D1+DU) only,1,0,PB
(D1+DU) only,2,0,PB
(D1+DU) only,3,10,PB
(D1+DU) only,4,4,PB
(D1+DU) only,5,11,PB
(D1+DU) only,6,52,PB
(D1+DU) only,7,42,PB
(D1+DU) only,8,3,PB
(D1+DU) only,9,3,PB
(D1+DU) only,10,0,PB
(D1+DU) only,11,0,PB
(D1+R) only,1,0,PB
(D1+R) only,2,2,PB
(D1+R) only,3,1325,PB
(D1+R) only,4,2873,PB
(D1+R) only,5,3465,PB
(D1+R) only,6,4183,PB
(D1+R) only,7,5028,PB
(D1+R) only,8,5504,PB
(D1+R) only,9,3822,PB
(D1+R) only,10,1862,PB
(D1+R) only,11,366,PB
(D2+DU) only,1,0,PB
(D2+DU) only,2,0,PB
(D2+DU) only,3,0,PB
(D2+DU) only,4,51,PB
(D2+DU) only,5,112,PB
(D2+DU) only,6,284,PB
(D2+DU) only,7,215,PB
(D2+DU) only,8,4,PB
(D2+DU) only,9,0,PB
(D2+DU) only,10,0,PB
(D2+DU) only,11,0,PB
(D2+R+DU) only,1,0,PB
(D2+R+DU) only,2,0,PB
(D2+R+DU) only,3,0,PB
(D2+R+DU) only,4,19,PB
(D2+R+DU) only,5,29,PB
(D2+R+DU) only,6,80,PB
(D2+R+DU) only,7,175,PB
(D2+R+DU) only,8,1,PB
(D2+R+DU) only,9,0,PB
(D2+R+DU) only,10,0,PB
(D2+R+DU) only,11,0,PB
(R+DU) only,1,0,PB
(R+DU) only,2,0,PB
(R+DU) only,3,4,PB
(R+DU) only,4,1054,PB
(R+DU) only,5,3635,PB
(R+DU) only,6,12766,PB
(R+DU) only,7,6604,PB
(R+DU) only,8,155,PB
(R+DU) only,9,33,PB
(R+DU) only,10,12,PB
(R+DU) only,11,1,PB
D1 only,1,12,PB
D1 only,2,34168,PB
D1 only,3,127812,PB
D1 only,4,139641,PB
D1 only,5,86551,PB
D1 only,6,64591,PB
D1 only,7,38190,PB
D1 only,8,14489,PB
D1 only,9,7029,PB
D1 only,10,4426,PB
D1 only,11,1198,PB
D1+D2+DU+R,1,0,PB
D1+D2+DU+R,2,0,PB
D1+D2+DU+R,3,0,PB
D1+D2+DU+R,4,22,PB
D1+D2+DU+R,5,27,PB
D1+D2+DU+R,6,45,PB
D1+D2+DU+R,7,58,PB
D1+D2+DU+R,8,0,PB
D1+D2+DU+R,9,1,PB
D1+D2+DU+R,10,0,PB
D1+D2+DU+R,11,1,PB
DU only,1,0,PB
DU only,2,0,PB
DU only,3,8,PB
DU only,4,1089,PB
DU only,5,3231,PB
DU only,6,10763,PB
DU only,7,5219,PB
DU only,8,273,PB
DU only,9,64,PB
DU only,10,25,PB
DU only,11,9,PB
R+DU,1,0,PB
R+DU,2,0,PB
R+DU,3,0,PB
R+DU,4,2,PB
R+DU,5,4,PB
R+DU,6,11,PB
R+DU,7,10,PB
R+DU,8,1,PB
R+DU,9,0,PB
R+DU,10,0,PB
R+DU,11,0,PB
(D1+D2) only,1,135,PE
(D1+D2) only,2,484,PE
(D1+D2) only,3,394363,PE
(D1+D2) only,4,1079465,PE
(D1+D2) only,5,900030,PE
(D1+D2) only,6,758462,PE
(D1+D2) only,7,587441,PE
(D1+D2) only,8,296172,PE
(D1+D2) only,9,127376,PE
(D1+D2) only,10,57741,PE
(D1+D2) only,11,13245,PE
(D1+D2+DU) only,1,2,PE
(D1+D2+DU) only,2,2,PE
(D1+D2+DU) only,3,26,PE
(D1+D2+DU) only,4,11941,PE
(D1+D2+DU) only,5,16784,PE
(D1+D2+DU) only,6,14736,PE
(D1+D2+DU) only,7,15242,PE
(D1+D2+DU) only,8,61278,PE
(D1+D2+DU) only,9,58725,PE
(D1+D2+DU) only,10,23301,PE
(D1+D2+DU) only,11,4213,PE
(D1+D2+R) only,1,0,PE
(D1+D2+R) only,2,1,PE
(D1+D2+R) only,3,305,PE
(D1+D2+R) only,4,111987,PE
(D1+D2+R) only,5,160753,PE
(D1+D2+R) only,6,204197,PE
(D1+D2+R) only,7,244945,PE
(D1+D2+R) only,8,262802,PE
(D1+D2+R) only,9,172384,PE
(D1+D2+R) only,10,57226,PE
(D1+D2+R) only,11,10405,PE
(D1+DU) only,1,0,PE
(D1+DU) only,2,1,PE
(D1+DU) only,3,17,PE
(D1+DU) only,4,805,PE
(D1+DU) only,5,1621,PE
(D1+DU) only,6,1236,PE
(D1+DU) only,7,2846,PE
(D1+DU) only,8,1570,PE
(D1+DU) only,9,841,PE
(D1+DU) only,10,576,PE
(D1+DU) only,11,177,PE
(D1+R) only,1,1,PE
(D1+R) only,2,4,PE
(D1+R) only,3,2041,PE
(D1+R) only,4,7443,PE
(D1+R) only,5,9007,PE
(D1+R) only,6,10559,PE
(D1+R) only,7,12082,PE
(D1+R) only,8,14817,PE
(D1+R) only,9,9547,PE
(D1+R) only,10,5300,PE
(D1+R) only,11,859,PE
(D2+DU) only,1,0,PE
(D2+DU) only,2,4,PE
(D2+DU) only,3,1,PE
(D2+DU) only,4,574,PE
(D2+DU) only,5,971,PE
(D2+DU) only,6,2189,PE
(D2+DU) only,7,725,PE
(D2+DU) only,8,883,PE
(D2+DU) only,9,237,PE
(D2+DU) only,10,203,PE
(D2+DU) only,11,33,PE
(D2+R+DU) only,1,0,PE
(D2+R+DU) only,2,0,PE
(D2+R+DU) only,3,0,PE
(D2+R+DU) only,4,6,PE
(D2+R+DU) only,5,15,PE
(D2+R+DU) only,6,21,PE
(D2+R+DU) only,7,5,PE
(D2+R+DU) only,8,1,PE
(D2+R+DU) only,9,0,PE
(D2+R+DU) only,10,0,PE
(D2+R+DU) only,11,0,PE
(R+DU) only,1,0,PE
(R+DU) only,2,0,PE
(R+DU) only,3,7,PE
(R+DU) only,4,4631,PE
(R+DU) only,5,12615,PE
(R+DU) only,6,29433,PE
(R+DU) only,7,3630,PE
(R+DU) only,8,257,PE
(R+DU) only,9,43,PE
(R+DU) only,10,19,PE
(R+DU) only,11,1,PE
D1 only,1,138,PE
D1 only,2,45661,PE
D1 only,3,327656,PE
D1 only,4,392527,PE
D1 only,5,254727,PE
D1 only,6,200755,PE
D1 only,7,120141,PE
D1 only,8,47342,PE
D1 only,9,21169,PE
D1 only,10,14941,PE
D1 only,11,4319,PE
D1+D2+DU+R,1,0,PE
D1+D2+DU+R,2,0,PE
D1+D2+DU+R,3,0,PE
D1+D2+DU+R,4,16,PE
D1+D2+DU+R,5,16,PE
D1+D2+DU+R,6,18,PE
D1+D2+DU+R,7,18,PE
D1+D2+DU+R,8,13,PE
D1+D2+DU+R,9,13,PE
D1+D2+DU+R,10,3,PE
D1+D2+DU+R,11,0,PE
DU only,1,10,PE
DU only,2,21,PE
DU only,3,33,PE
DU only,4,7763,PE
DU only,5,17669,PE
DU only,6,31407,PE
DU only,7,7575,PE
DU only,8,2134,PE
DU only,9,1675,PE
DU only,10,644,PE
DU only,11,139,PE
R+DU,1,0,PE
R+DU,2,0,PE
R+DU,3,0,PE
R+DU,4,6,PE
R+DU,5,13,PE
R+DU,6,18,PE
R+DU,7,9,PE
R+DU,8,2,PE
R+DU,9,2,PE
R+DU,10,1,PE
R+DU,11,1,PE
(D1+D2) only,1,5,PI
(D1+D2) only,2,134,PI
(D1+D2) only,3,171755,PI
(D1+D2) only,4,400805,PI
(D1+D2) only,5,345641,PI
(D1+D2) only,6,278990,PI
(D1+D2) only,7,190878,PI
(D1+D2) only,8,104900,PI
(D1+D2) only,9,40844,PI
(D1+D2) only,10,20145,PI
(D1+D2) only,11,4556,PI
(D1+D2+DU) only,1,0,PI
(D1+D2+DU) only,2,0,PI
(D1+D2+DU) only,3,11,PI
(D1+D2+DU) only,4,2,PI
(D1+D2+DU) only,5,4,PI
(D1+D2+DU) only,6,10,PI
(D1+D2+DU) only,7,12,PI
(D1+D2+DU) only,8,9,PI
(D1+D2+DU) only,9,12,PI
(D1+D2+DU) only,10,3,PI
(D1+D2+DU) only,11,1,PI
(D1+D2+R) only,1,0,PI
(D1+D2+R) only,2,0,PI
(D1+D2+R) only,3,91,PI
(D1+D2+R) only,4,50501,PI
(D1+D2+R) only,5,72781,PI
(D1+D2+R) only,6,87318,PI
(D1+D2+R) only,7,120707,PI
(D1+D2+R) only,8,129418,PI
(D1+D2+R) only,9,95628,PI
(D1+D2+R) only,10,37901,PI
(D1+D2+R) only,11,8102,PI
(D1+DU) only,1,0,PI
(D1+DU) only,2,0,PI
(D1+DU) only,3,27,PI
(D1+DU) only,4,10,PI
(D1+DU) only,5,4,PI
(D1+DU) only,6,9,PI
(D1+DU) only,7,6,PI
(D1+DU) only,8,0,PI
(D1+DU) only,9,0,PI
(D1+DU) only,10,0,PI
(D1+DU) only,11,0,PI
(D1+R) only,1,0,PI
(D1+R) only,2,3,PI
(D1+R) only,3,1310,PI
(D1+R) only,4,2993,PI
(D1+R) only,5,3586,PI
(D1+R) only,6,3522,PI
(D1+R) only,7,4313,PI
(D1+R) only,8,4739,PI
(D1+R) only,9,2864,PI
(D1+R) only,10,1564,PI
(D1+R) only,11,343,PI
(D2+DU) only,1,0,PI
(D2+DU) only,2,0,PI
(D2+DU) only,3,0,PI
(D2+DU) only,4,21,PI
(D2+DU) only,5,26,PI
(D2+DU) only,6,68,PI
(D2+DU) only,7,26,PI
(D2+DU) only,8,0,PI
(D2+DU) only,9,0,PI
(D2+DU) only,10,0,PI
(D2+DU) only,11,0,PI
(D2+R+DU) only,1,0,PI
(D2+R+DU) only,2,0,PI
(D2+R+DU) only,3,0,PI
(D2+R+DU) only,4,0,PI
(D2+R+DU) only,5,3,PI
(D2+R+DU) only,6,4,PI
(D2+R+DU) only,7,9,PI
(D2+R+DU) only,8,1,PI
(D2+R+DU) only,9,0,PI
(D2+R+DU) only,10,0,PI
(D2+R+DU) only,11,2,PI
(R+DU) only,1,0,PI
(R+DU) only,2,0,PI
(R+DU) only,3,2,PI
(R+DU) only,4,2520,PI
(R+DU) only,5,3361,PI
(R+DU) only,6,12997,PI
(R+DU) only,7,5071,PI
(R+DU) only,8,109,PI
(R+DU) only,9,18,PI
(R+DU) only,10,4,PI
(R+DU) only,11,0,PI
D1 only,1,11,PI
D1 only,2,38662,PI
D1 only,3,94329,PI
D1 only,4,110401,PI
D1 only,5,65915,PI
D1 only,6,42974,PI
D1 only,7,23116,PI
D1 only,8,11250,PI
D1 only,9,4743,PI
D1 only,10,3325,PI
D1 only,11,818,PI
D1+D2+DU+R,1,0,PI
D1+D2+DU+R,2,0,PI
D1+D2+DU+R,3,0,PI
D1+D2+DU+R,4,1,PI
D1+D2+DU+R,5,1,PI
D1+D2+DU+R,6,4,PI
D1+D2+DU+R,7,3,PI
D1+D2+DU+R,8,0,PI
D1+D2+DU+R,9,2,PI
D1+D2+DU+R,10,0,PI
D1+D2+DU+R,11,0,PI
DU only,1,1,PI
DU only,2,7,PI
DU only,3,37,PI
DU only,4,3139,PI
DU only,5,4549,PI
DU only,6,12606,PI
DU only,7,5225,PI
DU only,8,196,PI
DU only,9,43,PI
DU only,10,17,PI
DU only,11,6,PI
R+DU,1,0,PI
R+DU,2,0,PI
R+DU,3,0,PI
R+DU,4,0,PI
R+DU,5,0,PI
R+DU,6,7,PI
R+DU,7,4,PI
R+DU,8,2,PI
R+DU,9,1,PI
R+DU,10,0,PI
R+DU,11,0,PI
(D1+D2) only,1,44,PR
(D1+D2) only,2,271,PR
(D1+D2) only,3,512412,PR
(D1+D2) only,4,1462148,PR
(D1+D2) only,5,1132792,PR
(D1+D2) only,6,870133,PR
(D1+D2) only,7,679041,PR
(D1+D2) only,8,352181,PR
(D1+D2) only,9,112166,PR
(D1+D2) only,10,55921,PR
(D1+D2) only,11,9724,PR
(D1+D2+DU) only,1,1,PR
(D1+D2+DU) only,2,0,PR
(D1+D2+DU) only,3,36,PR
(D1+D2+DU) only,4,6124,PR
(D1+D2+DU) only,5,9819,PR
(D1+D2+DU) only,6,13573,PR
(D1+D2+DU) only,7,19548,PR
(D1+D2+DU) only,8,18606,PR
(D1+D2+DU) only,9,12223,PR
(D1+D2+DU) only,10,3655,PR
(D1+D2+DU) only,11,491,PR
(D1+D2+R) only,1,4,PR
(D1+D2+R) only,2,5,PR
(D1+D2+R) only,3,413,PR
(D1+D2+R) only,4,215087,PR
(D1+D2+R) only,5,314027,PR
(D1+D2+R) only,6,444028,PR
(D1+D2+R) only,7,625728,PR
(D1+D2+R) only,8,601975,PR
(D1+D2+R) only,9,391665,PR
(D1+D2+R) only,10,132363,PR
(D1+D2+R) only,11,22043,PR
(D1+DU) only,1,0,PR
(D1+DU) only,2,1,PR
(D1+DU) only,3,110,PR
(D1+DU) only,4,575,PR
(D1+DU) only,5,895,PR
(D1+DU) only,6,1064,PR
(D1+DU) only,7,1589,PR
(D1+DU) only,8,1170,PR
(D1+DU) only,9,693,PR
(D1+DU) only,10,233,PR
(D1+DU) only,11,42,PR
(D1+R) only,1,0,PR
(D1+R) only,2,7,PR
(D1+R) only,3,4000,PR
(D1+R) only,4,6351,PR
(D1+R) only,5,6479,PR
(D1+R) only,6,8833,PR
(D1+R) only,7,9699,PR
(D1+R) only,8,10668,PR
(D1+R) only,9,8054,PR
(D1+R) only,10,3244,PR
(D1+R) only,11,627,PR
(D2+DU) only,1,0,PR
(D2+DU) only,2,0,PR
(D2+DU) only,3,17,PR
(D2+DU) only,4,580,PR
(D2+DU) only,5,1013,PR
(D2+DU) only,6,1215,PR
(D2+DU) only,7,1013,PR
(D2+DU) only,8,1263,PR
(D2+DU) only,9,512,PR
(D2+DU) only,10,255,PR
(D2+DU) only,11,60,PR
(D2+R+DU) only,1,0,PR
(D2+R+DU) only,2,0,PR
(D2+R+DU) only,3,0,PR
(D2+R+DU) only,4,5,PR
(D2+R+DU) only,5,13,PR
(D2+R+DU) only,6,34,PR
(D2+R+DU) only,7,1,PR
(D2+R+DU) only,8,2,PR
(D2+R+DU) only,9,1,PR
(D2+R+DU) only,10,1,PR
(D2+R+DU) only,11,0,PR
(R+DU) only,1,1,PR
(R+DU) only,2,1,PR
(R+DU) only,3,4,PR
(R+DU) only,4,15517,PR
(R+DU) only,5,56099,PR
(R+DU) only,6,87203,PR
(R+DU) only,7,7851,PR
(R+DU) only,8,481,PR
(R+DU) only,9,84,PR
(R+DU) only,10,21,PR
(R+DU) only,11,2,PR
D1 only,1,83,PR
D1 only,2,126883,PR
D1 only,3,293139,PR
D1 only,4,330641,PR
D1 only,5,164745,PR
D1 only,6,99227,PR
D1 only,7,64251,PR
D1 only,8,32293,PR
D1 only,9,10449,PR
D1 only,10,7773,PR
D1 only,11,1672,PR
D1+D2+DU+R,1,0,PR
D1+D2+DU+R,2,0,PR
D1+D2+DU+R,3,1,PR
D1+D2+DU+R,4,16,PR
D1+D2+DU+R,5,42,PR
D1+D2+DU+R,6,42,PR
D1+D2+DU+R,7,38,PR
D1+D2+DU+R,8,50,PR
D1+D2+DU+R,9,157,PR
D1+D2+DU+R,10,10,PR
D1+D2+DU+R,11,2,PR
DU only,1,2,PR
DU only,2,12,PR
DU only,3,57,PR
DU only,4,19985,PR
DU only,5,52498,PR
DU only,6,71626,PR
DU only,7,11784,PR
DU only,8,1683,PR
DU only,9,600,PR
DU only,10,171,PR
DU only,11,35,PR
R+DU,1,0,PR
R+DU,2,0,PR
R+DU,3,1,PR
R+DU,4,8,PR
R+DU,5,31,PR
R+DU,6,43,PR
R+DU,7,9,PR
R+DU,8,9,PR
R+DU,9,1,PR
R+DU,10,0,PR
R+DU,11,0,PR
(D1+D2) only,1,26,RJ
(D1+D2) only,2,535,RJ
(D1+D2) only,3,667745,RJ
(D1+D2) only,4,1779470,RJ
(D1+D2) only,5,1464031,RJ
(D1+D2) only,6,1222227,RJ
(D1+D2) only,7,1037195,RJ
(D1+D2) only,8,562722,RJ
(D1+D2) only,9,230451,RJ
(D1+D2) only,10,104169,RJ
(D1+D2) only,11,26953,RJ
(D1+D2+DU) only,1,0,RJ
(D1+D2+DU) only,2,0,RJ
(D1+D2+DU) only,3,1,RJ
(D1+D2+DU) only,4,65,RJ
(D1+D2+DU) only,5,94,RJ
(D1+D2+DU) only,6,125,RJ
(D1+D2+DU) only,7,90,RJ
(D1+D2+DU) only,8,38,RJ
(D1+D2+DU) only,9,44,RJ
(D1+D2+DU) only,10,7,RJ
(D1+D2+DU) only,11,2,RJ
(D1+D2+R) only,1,1,RJ
(D1+D2+R) only,2,6,RJ
(D1+D2+R) only,3,1486,RJ
(D1+D2+R) only,4,290139,RJ
(D1+D2+R) only,5,425056,RJ
(D1+D2+R) only,6,558822,RJ
(D1+D2+R) only,7,709717,RJ
(D1+D2+R) only,8,890494,RJ
(D1+D2+R) only,9,530682,RJ
(D1+D2+R) only,10,196585,RJ
(D1+D2+R) only,11,33113,RJ
(D1+DU) only,1,0,RJ
(D1+DU) only,2,0,RJ
(D1+DU) only,3,13,RJ
(D1+DU) only,4,151,RJ
(D1+DU) only,5,167,RJ
(D1+DU) only,6,229,RJ
(D1+DU) only,7,107,RJ
(D1+DU) only,8,56,RJ
(D1+DU) only,9,8,RJ
(D1+DU) only,10,3,RJ
(D1+DU) only,11,0,RJ
(D1+R) only,1,0,RJ
(D1+R) only,2,17,RJ
(D1+R) only,3,7059,RJ
(D1+R) only,4,23021,RJ
(D1+R) only,5,25785,RJ
(D1+R) only,6,28391,RJ
(D1+R) only,7,33694,RJ
(D1+R) only,8,45970,RJ
(D1+R) only,9,26265,RJ
(D1+R) only,10,13348,RJ
(D1+R) only,11,2570,RJ
(D2+DU) only,1,0,RJ
(D2+DU) only,2,0,RJ
(D2+DU) only,3,18,RJ
(D2+DU) only,4,650,RJ
(D2+DU) only,5,844,RJ
(D2+DU) only,6,2297,RJ
(D2+DU) only,7,325,RJ
(D2+DU) only,8,25,RJ
(D2+DU) only,9,8,RJ
(D2+DU) only,10,3,RJ
(D2+DU) only,11,0,RJ
(D2+R+DU) only,1,0,RJ
(D2+R+DU) only,2,0,RJ
(D2+R+DU) only,3,0,RJ
(D2+R+DU) only,4,33,RJ
(D2+R+DU) only,5,32,RJ
(D2+R+DU) only,6,102,RJ
(D2+R+DU) only,7,29,RJ
(D2+R+DU) only,8,2,RJ
(D2+R+DU) only,9,1,RJ
(D2+R+DU) only,10,0,RJ
(D2+R+DU) only,11,1,RJ
(R+DU) only,1,0,RJ
(R+DU) only,2,1,RJ
(R+DU) only,3,25,RJ
(R+DU) only,4,9369,RJ
(R+DU) only,5,18503,RJ
(R+DU) only,6,72412,RJ
(R+DU) only,7,12073,RJ
(R+DU) only,8,700,RJ
(R+DU) only,9,162,RJ
(R+DU) only,10,34,RJ
(R+DU) only,11,4,RJ
D1 only,1,105,RJ
D1 only,2,149336,RJ
D1 only,3,466334,RJ
D1 only,4,673153,RJ
D1 only,5,401784,RJ
D1 only,6,283783,RJ
D1 only,7,185640,RJ
D1 only,8,90850,RJ
D1 only,9,37482,RJ
D1 only,10,22515,RJ
D1 only,11,6263,RJ
D1+D2+DU+R,1,0,RJ
D1+D2+DU+R,2,0,RJ
D1+D2+DU+R,3,0,RJ
D1+D2+DU+R,4,4,RJ
D1+D2+DU+R,5,12,RJ
D1+D2+DU+R,6,23,RJ
D1+D2+DU+R,7,13,RJ
D1+D2+DU+R,8,19,RJ
D1+D2+DU+R,9,51,RJ
D1+D2+DU+R,10,6,RJ
D1+D2+DU+R,11,9,RJ
DU only,1,2,RJ
DU only,2,10,RJ
DU only,3,399,RJ
DU only,4,31504,RJ
DU only,5,47765,RJ
DU only,6,134640,RJ
DU only,7,31782,RJ
DU only,8,3590,RJ
DU only,9,863,RJ
DU only,10,258,RJ
DU only,11,53,RJ
R+DU,1,0,RJ
R+DU,2,0,RJ
R+DU,3,0,RJ
R+DU,4,13,RJ
R+DU,5,24,RJ
R+DU,6,52,RJ
R+DU,7,32,RJ
R+DU,8,47,RJ
R+DU,9,3,RJ
R+DU,10,0,RJ
R+DU,11,0,RJ
(D1+D2) only,1,23,RN
(D1+D2) only,2,173,RN
(D1+D2) only,3,176464,RN
(D1+D2) only,4,416882,RN
(D1+D2) only,5,327957,RN
(D1+D2) only,6,234198,RN
(D1+D2) only,7,164963,RN
(D1+D2) only,8,67808,RN
(D1+D2) only,9,28480,RN
(D1+D2) only,10,15397,RN
(D1+D2) only,11,3944,RN
(D1+D2+DU) only,1,0,RN
(D1+D2+DU) only,2,0,RN
(D1+D2+DU) only,3,113,RN
(D1+D2+DU) only,4,33,RN
(D1+D2+DU) only,5,36,RN
(D1+D2+DU) only,6,21,RN
(D1+D2+DU) only,7,12,RN
(D1+D2+DU) only,8,3,RN
(D1+D2+DU) only,9,0,RN
(D1+D2+DU) only,10,0,RN
(D1+D2+DU) only,11,0,RN
(D1+D2+R) only,1,0,RN
(D1+D2+R) only,2,2,RN
(D1+D2+R) only,3,303,RN
(D1+D2+R) only,4,83666,RN
(D1+D2+R) only,5,123638,RN
(D1+D2+R) only,6,152996,RN
(D1+D2+R) only,7,180970,RN
(D1+D2+R) only,8,167116,RN
(D1+D2+R) only,9,111583,RN
(D1+D2+R) only,10,43984,RN
(D1+D2+R) only,11,10168,RN
(D1+DU) only,1,0,RN
(D1+DU) only,2,0,RN
(D1+DU) only,3,23,RN
(D1+DU) only,4,12,RN
(D1+DU) only,5,12,RN
(D1+DU) only,6,10,RN
(D1+DU) only,7,4,RN
(D1+DU) only,8,0,RN
(D1+DU) only,9,0,RN
(D1+DU) only,10,0,RN
(D1+DU) only,11,0,RN
(D1+R) only,1,0,RN
(D1+R) only,2,1,RN
(D1+R) only,3,529,RN
(D1+R) only,4,2566,RN
(D1+R) only,5,2942,RN
(D1+R) only,6,2878,RN
(D1+R) only,7,2872,RN
(D1+R) only,8,2748,RN
(D1+R) only,9,2134,RN
(D1+R) only,10,793,RN
(D1+R) only,11,214,RN
(D2+DU) only,1,0,RN
(D2+DU) only,2,0,RN
(D2+DU) only,3,3,RN
(D2+DU) only,4,13,RN
(D2+DU) only,5,25,RN
(D2+DU) only,6,28,RN
(D2+DU) only,7,14,RN
(D2+DU) only,8,1,RN
(D2+DU) only,9,1,RN
(D2+DU) only,10,0,RN
(D2+DU) only,11,0,RN
(D2+R+DU) only,1,0,RN
(D2+R+DU) only,2,0,RN
(D2+R+DU) only,3,0,RN
(D2+R+DU) only,4,2,RN
(D2+R+DU) only,5,9,RN
(D2+R+DU) only,6,4,RN
(D2+R+DU) only,7,2,RN
(D2+R+DU) only,8,0,RN
(D2+R+DU) only,9,0,RN
(D2+R+DU) only,10,0,RN
(D2+R+DU) only,11,0,RN
(R+DU) only,1,0,RN
(R+DU) only,2,0,RN
(R+DU) only,3,2,RN
(R+DU) only,4,2559,RN
(R+DU) only,5,8748,RN
(R+DU) only,6,15169,RN
(R+DU) only,7,4110,RN
(R+DU) only,8,200,RN
(R+DU) only,9,52,RN
(R+DU) only,10,18,RN
(R+DU) only,11,1,RN
D1 only,1,36,RN
D1 only,2,55647,RN
D1 only,3,84830,RN
D1 only,4,95781,RN
D1 only,5,54968,RN
D1 only,6,33892,RN
D1 only,7,20108,RN
D1 only,8,7597,RN
D1 only,9,3127,RN
D1 only,10,2187,RN
D1 only,11,650,RN
D1+D2+DU+R,1,0,RN
D1+D2+DU+R,2,0,RN
D1+D2+DU+R,3,0,RN
D1+D2+DU+R,4,1,RN
D1+D2+DU+R,5,3,RN
D1+D2+DU+R,6,3,RN
D1+D2+DU+R,7,3,RN
D1+D2+DU+R,8,1,RN
D1+D2+DU+R,9,1,RN
D1+D2+DU+R,10,3,RN
D1+D2+DU+R,11,1,RN
DU only,1,0,RN
DU only,2,30,RN
DU only,3,21,RN
DU only,4,3901,RN
DU only,5,7361,RN
DU only,6,11187,RN
DU only,7,3753,RN
DU only,8,472,RN
DU only,9,127,RN
DU only,10,47,RN
DU only,11,6,RN
R+DU,1,0,RN
R+DU,2,0,RN
R+DU,3,0,RN
R+DU,4,7,RN
R+DU,5,5,RN
R+DU,6,8,RN
R+DU,7,1,RN
R+DU,8,0,RN
R+DU,9,0,RN
R+DU,10,0,RN
R+DU,11,0,RN
(D1+D2) only,1,2,RO
(D1+D2) only,2,153,RO
(D1+D2) only,3,94924,RO
(D1+D2) only,4,194852,RO
(D1+D2) only,5,160179,RO
(D1+D2) only,6,132281,RO
(D1+D2) only,7,100849,RO
(D1+D2) only,8,43101,RO
(D1+D2) only,9,15722,RO
(D1+D2) only,10,6525,RO
(D1+D2) only,11,1276,RO
(D1+D2+DU) only,1,0,RO
(D1+D2+DU) only,2,0,RO
(D1+D2+DU) only,3,7,RO
(D1+D2+DU) only,4,985,RO
(D1+D2+DU) only,5,1493,RO
(D1+D2+DU) only,6,1723,RO
(D1+D2+DU) only,7,1830,RO
(D1+D2+DU) only,8,2533,RO
(D1+D2+DU) only,9,2002,RO
(D1+D2+DU) only,10,637,RO
(D1+D2+DU) only,11,63,RO
(D1+D2+R) only,1,0,RO
(D1+D2+R) only,2,2,RO
(D1+D2+R) only,3,243,RO
(D1+D2+R) only,4,22461,RO
(D1+D2+R) only,5,32576,RO
(D1+D2+R) only,6,39451,RO
(D1+D2+R) only,7,46163,RO
(D1+D2+R) only,8,56171,RO
(D1+D2+R) only,9,29446,RO
(D1+D2+R) only,10,9739,RO
(D1+D2+R) only,11,1175,RO
(D1+DU) only,1,0,RO
(D1+DU) only,2,0,RO
(D1+DU) only,3,4,RO
(D1+DU) only,4,43,RO
(D1+DU) only,5,41,RO
(D1+DU) only,6,45,RO
(D1+DU) only,7,40,RO
(D1+DU) only,8,54,RO
(D1+DU) only,9,10,RO
(D1+DU) only,10,8,RO
(D1+DU) only,11,1,RO
(D1+R) only,1,0,RO
(D1+R) only,2,2,RO
(D1+R) only,3,364,RO
(D1+R) only,4,1665,RO
(D1+R) only,5,1616,RO
(D1+R) only,6,1665,RO
(D1+R) only,7,1841,RO
(D1+R) only,8,2449,RO
(D1+R) only,9,1487,RO
(D1+R) only,10,435,RO
(D1+R) only,11,53,RO
(D2+DU) only,1,0,RO
(D2+DU) only,2,0,RO
(D2+DU) only,3,0,RO
(D2+DU) only,4,129,RO
(D2+DU) only,5,119,RO
(D2+DU) only,6,268,RO
(D2+DU) only,7,93,RO
(D2+DU) only,8,37,RO
(D2+DU) only,9,13,RO
(D2+DU) only,10,6,RO
(D2+DU) only,11,0,RO
(D2+R+DU) only,1,0,RO
(D2+R+DU) only,2,0,RO
(D2+R+DU) only,3,0,RO
(D2+R+DU) only,4,1,RO
(D2+R+DU) only,5,3,RO
(D2+R+DU) only,6,3,RO
(D2+R+DU) only,7,2,RO
(D2+R+DU) only,8,0,RO
(D2+R+DU) only,9,0,RO
(D2+R+DU) only,10,0,RO
(D2+R+DU) only,11,0,RO
(R+DU) only,1,0,RO
(R+DU) only,2,0,RO
(R+DU) only,3,8,RO
(R+DU) only,4,1849,RO
(R+DU) only,5,2333,RO
(R+DU) only,6,4084,RO
(R+DU) only,7,1276,RO
(R+DU) only,8,73,RO
(R+DU) only,9,18,RO
(R+DU) only,10,4,RO
(R+DU) only,11,1,RO
D1 only,1,9,RO
D1 only,2,5867,RO
D1 only,3,41265,RO
D1 only,4,68754,RO
D1 only,5,42072,RO
D1 only,6,29066,RO
D1 only,7,16816,RO
D1 only,8,6976,RO
D1 only,9,2517,RO
D1 only,10,1261,RO
D1 only,11,282,RO
D1+D2+DU+R,1,0,RO
D1+D2+DU+R,2,0,RO
D1+D2+DU+R,3,0,RO
D1+D2+DU+R,4,2,RO
D1+D2+DU+R,5,2,RO
D1+D2+DU+R,6,1,RO
D1+D2+DU+R,7,3,RO
D1+D2+DU+R,8,3,RO
D1+D2+DU+R,9,1,RO
D1+D2+DU+R,10,1,RO
D1+D2+DU+R,11,0,RO
DU only,1,0,RO
DU only,2,0,RO
DU only,3,53,RO
DU only,4,5829,RO
DU only,5,5616,RO
DU only,6,7261,RO
DU only,7,2875,RO
DU only,8,382,RO
DU only,9,180,RO
DU only,10,44,RO
DU only,11,9,RO
R+DU,1,0,RO
R+DU,2,0,RO
R+DU,3,1,RO
R+DU,4,7,RO
R+DU,5,1,RO
R+DU,6,0,RO
R+DU,7,3,RO
R+DU,8,2,RO
R+DU,9,0,RO
R+DU,10,0,RO
R+DU,11,0,RO
(D1+D2) only,1,1,RR
(D1+D2) only,2,50,RR
(D1+D2) only,3,32055,RR
(D1+D2) only,4,65970,RR
(D1+D2) only,5,47219,RR
(D1+D2) only,6,39927,RR
(D1+D2) only,7,28577,RR
(D1+D2) only,8,13137,RR
(D1+D2) only,9,4954,RR
(D1+D2) only,10,1702,RR
(D1+D2) only,11,377,RR
(D1+D2+DU) only,1,0,RR
(D1+D2+DU) only,2,0,RR
(D1+D2+DU) only,3,0,RR
(D1+D2+DU) only,4,1,RR
(D1+D2+DU) only,5,1,RR
(D1+D2+DU) only,6,2,RR
(D1+D2+DU) only,7,4,RR
(D1+D2+DU) only,8,13,RR
(D1+D2+DU) only,9,8,RR
(D1+D2+DU) only,10,1,RR
(D1+D2+DU) only,11,0,RR
(D1+D2+R) only,1,0,RR
(D1+D2+R) only,2,0,RR
(D1+D2+R) only,3,131,RR
(D1+D2+R) only,4,5274,RR
(D1+D2+R) only,5,6320,RR
(D1+D2+R) only,6,7179,RR
(D1+D2+R) only,7,6981,RR
(D1+D2+R) only,8,11884,RR
(D1+D2+R) only,9,5659,RR
(D1+D2+R) only,10,1692,RR
(D1+D2+R) only,11,240,RR
(D1+DU) only,1,0,RR
(D1+DU) only,2,0,RR
(D1+DU) only,3,0,RR
(D1+DU) only,4,6,RR
(D1+DU) only,5,9,RR
(D1+DU) only,6,7,RR
(D1+DU) only,7,1,RR
(D1+DU) only,8,1,RR
(D1+DU) only,9,0,RR
(D1+DU) only,10,0,RR
(D1+DU) only,11,0,RR
(D1+R) only,1,0,RR
(D1+R) only,2,1,RR
(D1+R) only,3,80,RR
(D1+R) only,4,292,RR
(D1+R) only,5,314,RR
(D1+R) only,6,366,RR
(D1+R) only,7,318,RR
(D1+R) only,8,240,RR
(D1+R) only,9,149,RR
(D1+R) only,10,69,RR
(D1+R) only,11,7,RR
(D2+DU) only,1,0,RR
(D2+DU) only,2,0,RR
(D2+DU) only,3,1,RR
(D2+DU) only,4,7,RR
(D2+DU) only,5,44,RR
(D2+DU) only,6,17,RR
(D2+DU) only,7,3,RR
(D2+DU) only,8,2,RR
(D2+DU) only,9,1,RR
(D2+DU) only,10,0,RR
(D2+DU) only,11,0,RR
(D2+R+DU) only,1,0,RR
(D2+R+DU) only,2,0,RR
(D2+R+DU) only,3,0,RR
(D2+R+DU) only,4,0,RR
(D2+R+DU) only,5,3,RR
(D2+R+DU) only,6,1,RR
(D2+R+DU) only,7,0,RR
(D2+R+DU) only,8,0,RR
(D2+R+DU) only,9,0,RR
(D2+R+DU) only,10,0,RR
(D2+R+DU) only,11,0,RR
(R+DU) only,1,0,RR
(R+DU) only,2,0,RR
(R+DU) only,3,0,RR
(R+DU) only,4,153,RR
(R+DU) only,5,1514,RR
(R+DU) only,6,919,RR
(R+DU) only,7,174,RR
(R+DU) only,8,23,RR
(R+DU) only,9,2,RR
(R+DU) only,10,0,RR
(R+DU) only,11,0,RR
D1 only,1,12,RR
D1 only,2,5158,RR
D1 only,3,18516,RR
D1 only,4,39557,RR
D1 only,5,23200,RR
D1 only,6,14455,RR
D1 only,7,7829,RR
D1 only,8,2536,RR
D1 only,9,935,RR
D1 only,10,297,RR
D1 only,11,70,RR
D1+D2+DU+R,1,0,RR
D1+D2+DU+R,2,0,RR
D1+D2+DU+R,3,0,RR
D1+D2+DU+R,4,0,RR
D1+D2+DU+R,5,0,RR
D1+D2+DU+R,6,2,RR
D1+D2+DU+R,7,0,RR
D1+D2+DU+R,8,0,RR
D1+D2+DU+R,9,0,RR
D1+D2+DU+R,10,0,RR
D1+D2+DU+R,11,0,RR
DU only,1,0,RR
DU only,2,1,RR
DU only,3,7,RR
DU only,4,877,RR
DU only,5,3672,RR
DU only,6,2508,RR
DU only,7,759,RR
DU only,8,152,RR
DU only,9,34,RR
DU only,10,4,RR
DU only,11,0,RR
(D1+D2) only,1,24,RS
(D1+D2) only,2,235,RS
(D1+D2) only,3,477296,RS
(D1+D2) only,4,1277477,RS
(D1+D2) only,5,987961,RS
(D1+D2) only,6,759335,RS
(D1+D2) only,7,653861,RS
(D1+D2) only,8,395298,RS
(D1+D2) only,9,125018,RS
(D1+D2) only,10,68064,RS
(D1+D2) only,11,13793,RS
(D1+D2+DU) only,1,0,RS
(D1+D2+DU) only,2,1,RS
(D1+D2+DU) only,3,3,RS
(D1+D2+DU) only,4,253,RS
(D1+D2+DU) only,5,496,RS
(D1+D2+DU) only,6,461,RS
(D1+D2+DU) only,7,303,RS
(D1+D2+DU) only,8,1151,RS
(D1+D2+DU) only,9,4123,RS
(D1+D2+DU) only,10,1086,RS
(D1+D2+DU) only,11,297,RS
(D1+D2+R) only,1,1,RS
(D1+D2+R) only,2,4,RS
(D1+D2+R) only,3,2063,RS
(D1+D2+R) only,4,253663,RS
(D1+D2+R) only,5,375372,RS
(D1+D2+R) only,6,486440,RS
(D1+D2+R) only,7,660086,RS
(D1+D2+R) only,8,715602,RS
(D1+D2+R) only,9,482113,RS
(D1+D2+R) only,10,165163,RS
(D1+D2+R) only,11,27862,RS
(D1+DU) only,1,0,RS
(D1+DU) only,2,0,RS
(D1+DU) only,3,8,RS
(D1+DU) only,4,68,RS
(D1+DU) only,5,103,RS
(D1+DU) only,6,90,RS
(D1+DU) only,7,27,RS
(D1+DU) only,8,76,RS
(D1+DU) only,9,145,RS
(D1+DU) only,10,60,RS
(D1+DU) only,11,13,RS
(D1+R) only,1,1,RS
(D1+R) only,2,8,RS
(D1+R) only,3,5028,RS
(D1+R) only,4,9779,RS
(D1+R) only,5,10329,RS
(D1+R) only,6,10033,RS
(D1+R) only,7,10568,RS
(D1+R) only,8,13342,RS
(D1+R) only,9,9680,RS
(D1+R) only,10,4888,RS
(D1+R) only,11,891,RS
(D2+DU) only,1,0,RS
(D2+DU) only,2,0,RS
(D2+DU) only,3,3,RS
(D2+DU) only,4,156,RS
(D2+DU) only,5,506,RS
(D2+DU) only,6,359,RS
(D2+DU) only,7,77,RS
(D2+DU) only,8,30,RS
(D2+DU) only,9,245,RS
(D2+DU) only,10,71,RS
(D2+DU) only,11,30,RS
(D2+R+DU) only,1,0,RS
(D2+R+DU) only,2,0,RS
(D2+R+DU) only,3,0,RS
(D2+R+DU) only,4,6,RS
(D2+R+DU) only,5,27,RS
(D2+R+DU) only,6,25,RS
(D2+R+DU) only,7,7,RS
(D2+R+DU) only,8,1,RS
(D2+R+DU) only,9,0,RS
(D2+R+DU) only,10,0,RS
(D2+R+DU) only,11,0,RS
(R+DU) only,1,0,RS
(R+DU) only,2,0,RS
(R+DU) only,3,12,RS
(R+DU) only,4,12055,RS
(R+DU) only,5,51288,RS
(R+DU) only,6,66578,RS
(R+DU) only,7,13830,RS
(R+DU) only,8,735,RS
(R+DU) only,9,196,RS
(R+DU) only,10,54,RS
(R+DU) only,11,9,RS
D1 only,1,72,RS
D1 only,2,140910,RS
D1 only,3,260774,RS
D1 only,4,298918,RS
D1 only,5,162719,RS
D1 only,6,90070,RS
D1 only,7,57113,RS
D1 only,8,30258,RS
D1 only,9,12523,RS
D1 only,10,8973,RS
D1 only,11,2274,RS
D1+D2+DU+R,1,0,RS
D1+D2+DU+R,2,0,RS
D1+D2+DU+R,3,0,RS
D1+D2+DU+R,4,2,RS
D1+D2+DU+R,5,14,RS
D1+D2+DU+R,6,10,RS
D1+D2+DU+R,7,6,RS
D1+D2+DU+R,8,11,RS
D1+D2+DU+R,9,12,RS
D1+D2+DU+R,10,4,RS
D1+D2+DU+R,11,0,RS
DU only,1,0,RS
DU only,2,4,RS
DU only,3,31,RS
DU only,4,17500,RS
DU only,5,55849,RS
DU only,6,60415,RS
DU only,7,14586,RS
DU only,8,1778,RS
DU only,9,495,RS
DU only,10,135,RS
DU only,11,27,RS
R+DU,1,0,RS
R+DU,2,0,RS
R+DU,3,0,RS
R+DU,4,7,RS
R+DU,5,24,RS
R+DU,6,26,RS
R+DU,7,9,RS
R+DU,8,13,RS
R+DU,9,4,RS
R+DU,10,1,RS
R+DU,11,0,RS
(D1+D2) only,1,34,SC
(D1+D2) only,2,129,SC
(D1+D2) only,3,279965,SC
(D1+D2) only,4,946708,SC
(D1+D2) only,5,819759,SC
(D1+D2) only,6,599161,SC
(D1+D2) only,7,517375,SC
(D1+D2) only,8,279935,SC
(D1+D2) only,9,76588,SC
(D1+D2) only,10,30285,SC
(D1+D2) only,11,5767,SC
(D1+D2+DU) only,1,0,SC
(D1+D2+DU) only,2,0,SC
(D1+D2+DU) only,3,7,SC
(D1+D2+DU) only,4,421,SC
(D1+D2+DU) only,5,709,SC
(D1+D2+DU) only,6,639,SC
(D1+D2+DU) only,7,374,SC
(D1+D2+DU) only,8,1618,SC
(D1+D2+DU) only,9,5968,SC
(D1+D2+DU) only,10,2435,SC
(D1+D2+DU) only,11,382,SC
(D1+D2+R) only,1,2,SC
(D1+D2+R) only,2,3,SC
(D1+D2+R) only,3,260,SC
(D1+D2+R) only,4,102388,SC
(D1+D2+R) only,5,158105,SC
(D1+D2+R) only,6,196018,SC
(D1+D2+R) only,7,282874,SC
(D1+D2+R) only,8,320787,SC
(D1+D2+R) only,9,220131,SC
(D1+D2+R) only,10,72795,SC
(D1+D2+R) only,11,11013,SC
(D1+DU) only,1,0,SC
(D1+DU) only,2,0,SC
(D1+DU) only,3,15,SC
(D1+DU) only,4,48,SC
(D1+DU) only,5,61,SC
(D1+DU) only,6,85,SC
(D1+DU) only,7,24,SC
(D1+DU) only,8,42,SC
(D1+DU) only,9,88,SC
(D1+DU) only,10,24,SC
(D1+DU) only,11,3,SC
(D1+R) only,1,1,SC
(D1+R) only,2,4,SC
(D1+R) only,3,1653,SC
(D1+R) only,4,3411,SC
(D1+R) only,5,3858,SC
(D1+R) only,6,3883,SC
(D1+R) only,7,4868,SC
(D1+R) only,8,6071,SC
(D1+R) only,9,4667,SC
(D1+R) only,10,2235,SC
(D1+R) only,11,442,SC
(D2+DU) only,1,0,SC
(D2+DU) only,2,0,SC
(D2+DU) only,3,3,SC
(D2+DU) only,4,59,SC
(D2+DU) only,5,186,SC
(D2+DU) only,6,251,SC
(D2+DU) only,7,44,SC
(D2+DU) only,8,42,SC
(D2+DU) only,9,33,SC
(D2+DU) only,10,15,SC
(D2+DU) only,11,4,SC
(D2+R+DU) only,1,0,SC
(D2+R+DU) only,2,0,SC
(D2+R+DU) only,3,0,SC
(D2+R+DU) only,4,5,SC
(D2+R+DU) only,5,8,SC
(D2+R+DU) only,6,23,SC
(D2+R+DU) only,7,2,SC
(D2+R+DU) only,8,0,SC
(D2+R+DU) only,9,2,SC
(D2+R+DU) only,10,0,SC
(D2+R+DU) only,11,0,SC
(R+DU) only,1,0,SC
(R+DU) only,2,0,SC
(R+DU) only,3,3,SC
(R+DU) only,4,8247,SC
(R+DU) only,5,26640,SC
(R+DU) only,6,51408,SC
(R+DU) only,7,7685,SC
(R+DU) only,8,461,SC
(R+DU) only,9,104,SC
(R+DU) only,10,18,SC
(R+DU) only,11,5,SC
D1 only,1,71,SC
D1 only,2,62316,SC
D1 only,3,188776,SC
D1 only,4,254128,SC
D1 only,5,154664,SC
D1 only,6,80858,SC
D1 only,7,46913,SC
D1 only,8,21245,SC
D1 only,9,6962,SC
D1 only,10,4316,SC
D1 only,11,847,SC
D1+D2+DU+R,1,0,SC
D1+D2+DU+R,2,0,SC
D1+D2+DU+R,3,0,SC
D1+D2+DU+R,4,4,SC
D1+D2+DU+R,5,5,SC
D1+D2+DU+R,6,13,SC
D1+D2+DU+R,7,9,SC
D1+D2+DU+R,8,10,SC
D1+D2+DU+R,9,3,SC
D1+D2+DU+R,10,0,SC
D1+D2+DU+R,11,0,SC
DU only,1,3,SC
DU only,2,5,SC
DU only,3,30,SC
DU only,4,12665,SC
DU only,5,31382,SC
DU only,6,83886,SC
DU only,7,16860,SC
DU only,8,1741,SC
DU only,9,596,SC
DU only,10,148,SC
DU only,11,35,SC
R+DU,1,0,SC
R+DU,2,0,SC
R+DU,3,0,SC
R+DU,4,3,SC
R+DU,5,10,SC
R+DU,6,22,SC
R+DU,7,8,SC
R+DU,8,11,SC
R+DU,9,2,SC
R+DU,10,0,SC
R+DU,11,0,SC
(D1+D2) only,1,4,SE
(D1+D2) only,2,70,SE
(D1+D2) only,3,119778,SE
(D1+D2) only,4,276058,SE
(D1+D2) only,5,208456,SE
(D1+D2) only,6,166543,SE
(D1+D2) only,7,124244,SE
(D1+D2) only,8,57361,SE
(D1+D2) only,9,22053,SE
(D1+D2) only,10,9417,SE
(D1+D2) only,11,2355,SE
(D1+D2+DU) only,1,0,SE
(D1+D2+DU) only,2,0,SE
(D1+D2+DU) only,3,1,SE
(D1+D2+DU) only,4,45,SE
(D1+D2+DU) only,5,81,SE
(D1+D2+DU) only,6,55,SE
(D1+D2+DU) only,7,40,SE
(D1+D2+DU) only,8,7,SE
(D1+D2+DU) only,9,1,SE
(D1+D2+DU) only,10,0,SE
(D1+D2+DU) only,11,1,SE
(D1+D2+R) only,1,0,SE
(D1+D2+R) only,2,0,SE
(D1+D2+R) only,3,64,SE
(D1+D2+R) only,4,32658,SE
(D1+D2+R) only,5,52138,SE
(D1+D2+R) only,6,67348,SE
(D1+D2+R) only,7,72521,SE
(D1+D2+R) only,8,77449,SE
(D1+D2+R) only,9,52518,SE
(D1+D2+R) only,10,18807,SE
(D1+D2+R) only,11,4171,SE
(D1+DU) only,1,0,SE
(D1+DU) only,2,0,SE
(D1+DU) only,3,1,SE
(D1+DU) only,4,6,SE
(D1+DU) only,5,15,SE
(D1+DU) only,6,7,SE
(D1+DU) only,7,6,SE
(D1+DU) only,8,3,SE
(D1+DU) only,9,0,SE
(D1+DU) only,10,0,SE
(D1+DU) only,11,0,SE
(D1+R) only,1,0,SE
(D1+R) only,2,1,SE
(D1+R) only,3,401,SE
(D1+R) only,4,1445,SE
(D1+R) only,5,1782,SE
(D1+R) only,6,2445,SE
(D1+R) only,7,2704,SE
(D1+R) only,8,2484,SE
(D1+R) only,9,1924,SE
(D1+R) only,10,1017,SE
(D1+R) only,11,183,SE
(D2+DU) only,1,0,SE
(D2+DU) only,2,0,SE
(D2+DU) only,3,0,SE
(D2+DU) only,4,26,SE
(D2+DU) only,5,143,SE
(D2+DU) only,6,37,SE
(D2+DU) only,7,8,SE
(D2+DU) only,8,1,SE
(D2+DU) only,9,0,SE
(D2+DU) only,10,0,SE
(D2+DU) only,11,0,SE
(D2+R+DU) only,1,0,SE
(D2+R+DU) only,2,0,SE
(D2+R+DU) only,3,0,SE
(D2+R+DU) only,4,2,SE
(D2+R+DU) only,5,4,SE
(D2+R+DU) only,6,4,SE
(D2+R+DU) only,7,0,SE
(D2+R+DU) only,8,0,SE
(D2+R+DU) only,9,0,SE
(D2+R+DU) only,10,0,SE
(D2+R+DU) only,11,0,SE
(R+DU) only,1,0,SE
(R+DU) only,2,0,SE
(R+DU) only,3,0,SE
(R+DU) only,4,1423,SE
(R+DU) only,5,7119,SE
(R+DU) only,6,6010,SE
(R+DU) only,7,1103,SE
(R+DU) only,8,46,SE
(R+DU) only,9,8,SE
(R+DU) only,10,4,SE
(R+DU) only,11,0,SE
D1 only,1,13,SE
D1 only,2,23401,SE
D1 only,3,61785,SE
D1 only,4,87849,SE
D1 only,5,52483,SE
D1 only,6,36444,SE
D1 only,7,23608,SE
D1 only,8,9532,SE
D1 only,9,4017,SE
D1 only,10,2237,SE
D1 only,11,587,SE
D1+D2+DU+R,1,0,SE
D1+D2+DU+R,2,0,SE
D1+D2+DU+R,3,0,SE
D1+D2+DU+R,4,0,SE
D1+D2+DU+R,5,3,SE
D1+D2+DU+R,6,4,SE
D1+D2+DU+R,7,0,SE
D1+D2+DU+R,8,1,SE
D1+D2+DU+R,9,1,SE
D1+D2+DU+R,10,0,SE
D1+D2+DU+R,11,0,SE
DU only,1,0,SE
DU only,2,1,SE
DU only,3,2,SE
DU only,4,1242,SE
DU only,5,7374,SE
DU only,6,9928,SE
DU only,7,2529,SE
DU only,8,180,SE
DU only,9,33,SE
DU only,10,7,SE
DU only,11,1,SE
R+DU,1,0,SE
R+DU,2,0,SE
R+DU,3,1,SE
R+DU,4,1,SE
R+DU,5,2,SE
R+DU,6,3,SE
R+DU,7,1,SE
R+DU,8,0,SE
R+DU,9,0,SE
R+DU,10,0,SE
R+DU,11,0,SE
"",1,0,SP
"",2,0,SP
"",3,1,SP
"",4,0,SP
"",5,0,SP
"",6,0,SP
"",7,0,SP
"",8,1,SP
"",9,0,SP
"",10,0,SP
"",11,0,SP
(D1+D2) only,1,338,SP
(D1+D2) only,2,1577,SP
(D1+D2) only,3,2326365,SP
(D1+D2) only,4,5405480,SP
(D1+D2) only,5,4498377,SP
(D1+D2) only,6,3735222,SP
(D1+D2) only,7,2783158,SP
(D1+D2) only,8,1493016,SP
(D1+D2) only,9,431216,SP
(D1+D2) only,10,278935,SP
(D1+D2) only,11,44390,SP
(D1+D2+DU) only,1,0,SP
(D1+D2+DU) only,2,0,SP
(D1+D2+DU) only,3,388,SP
(D1+D2+DU) only,4,52,SP
(D1+D2+DU) only,5,86,SP
(D1+D2+DU) only,6,71,SP
(D1+D2+DU) only,7,55,SP
(D1+D2+DU) only,8,22,SP
(D1+D2+DU) only,9,24,SP
(D1+D2+DU) only,10,7,SP
(D1+D2+DU) only,11,3,SP
(D1+D2+R) only,1,21,SP
(D1+D2+R) only,2,39,SP
(D1+D2+R) only,3,2222,SP
(D1+D2+R) only,4,1312504,SP
(D1+D2+R) only,5,1764229,SP
(D1+D2+R) only,6,2101643,SP
(D1+D2+R) only,7,2399512,SP
(D1+D2+R) only,8,2431947,SP
(D1+D2+R) only,9,1650221,SP
(D1+D2+R) only,10,538676,SP
(D1+D2+R) only,11,109874,SP
(D1+DU) only,1,0,SP
(D1+DU) only,2,2,SP
(D1+DU) only,3,45,SP
(D1+DU) only,4,61,SP
(D1+DU) only,5,127,SP
(D1+DU) only,6,118,SP
(D1+DU) only,7,31,SP
(D1+DU) only,8,7,SP
(D1+DU) only,9,1,SP
(D1+DU) only,10,1,SP
(D1+DU) only,11,0,SP
(D1+R) only,1,1,SP
(D1+R) only,2,1,SP
(D1+R) only,3,394,SP
(D1+R) only,4,16983,SP
(D1+R) only,5,23198,SP
(D1+R) only,6,27219,SP
(D1+R) only,7,31066,SP
(D1+R) only,8,29082,SP
(D1+R) only,9,12135,SP
(D1+R) only,10,5308,SP
(D1+R) only,11,953,SP
(D2+DU) only,1,0,SP
(D2+DU) only,2,0,SP
(D2+DU) only,3,8,SP
(D2+DU) only,4,11,SP
(D2+DU) only,5,117,SP
(D2+DU) only,6,97,SP
(D2+DU) only,7,8,SP
(D2+DU) only,8,2,SP
(D2+DU) only,9,0,SP
(D2+DU) only,10,0,SP
(D2+DU) only,11,0,SP
(D2+R) only,1,0,SP
(D2+R) only,2,0,SP
(D2+R) only,3,0,SP
(D2+R) only,4,0,SP
(D2+R) only,5,0,SP
(D2+R) only,6,0,SP
(D2+R) only,7,0,SP
(D2+R) only,8,1,SP
(D2+R) only,9,1,SP
(D2+R) only,10,0,SP
(D2+R) only,11,0,SP
(D2+R+DU) only,1,0,SP
(D2+R+DU) only,2,0,SP
(D2+R+DU) only,3,0,SP
(D2+R+DU) only,4,5,SP
(D2+R+DU) only,5,17,SP
(D2+R+DU) only,6,14,SP
(D2+R+DU) only,7,3,SP
(D2+R+DU) only,8,1,SP
(D2+R+DU) only,9,2,SP
(D2+R+DU) only,10,0,SP
(D2+R+DU) only,11,1,SP
(R+DU) only,1,1,SP
(R+DU) only,2,3,SP
(R+DU) only,3,31,SP
(R+DU) only,4,29378,SP
(R+DU) only,5,253756,SP
(R+DU) only,6,227939,SP
(R+DU) only,7,22083,SP
(R+DU) only,8,1479,SP
(R+DU) only,9,280,SP
(R+DU) only,10,78,SP
(R+DU) only,11,8,SP
D1 only,1,659,SP
D1 only,2,973855,SP
D1 only,3,1105153,SP
D1 only,4,1460530,SP
D1 only,5,696319,SP
D1 only,6,443882,SP
D1 only,7,272534,SP
D1 only,8,163918,SP
D1 only,9,71753,SP
D1 only,10,44628,SP
D1 only,11,11559,SP
D1+D2+DU+R,1,0,SP
D1+D2+DU+R,2,0,SP
D1+D2+DU+R,3,1,SP
D1+D2+DU+R,4,53,SP
D1+D2+DU+R,5,52,SP
D1+D2+DU+R,6,71,SP
D1+D2+DU+R,7,57,SP
D1+D2+DU+R,8,51,SP
D1+D2+DU+R,9,142,SP
D1+D2+DU+R,10,19,SP
D1+D2+DU+R,11,4,SP
D2 only,1,0,SP
D2 only,2,0,SP
D2 only,3,0,SP
D2 only,4,3,SP
D2 only,5,0,SP
D2 only,6,0,SP
D2 only,7,5,SP
D2 only,8,0,SP
D2 only,9,0,SP
D2 only,10,1,SP
D2 only,11,0,SP
DR only,1,0,SP
DR only,2,0,SP
DR only,3,0,SP
DR only,4,2,SP
DR only,5,0,SP
DR only,6,2,SP
DR only,7,0,SP
DR only,8,2,SP
DR only,9,2,SP
DR only,10,1,SP
DR only,11,0,SP
DU only,1,7,SP
DU only,2,54,SP
DU only,3,124,SP
DU only,4,44946,SP
DU only,5,270115,SP
DU only,6,259964,SP
DU only,7,43833,SP
DU only,8,7509,SP
DU only,9,1603,SP
DU only,10,407,SP
DU only,11,70,SP
R+DU,1,0,SP
R+DU,2,0,SP
R+DU,3,2,SP
R+DU,4,19,SP
R+DU,5,52,SP
R+DU,6,74,SP
R+DU,7,8,SP
R+DU,8,1,SP
R+DU,9,1,SP
R+DU,10,2,SP
R+DU,11,0,SP
(D1+D2) only,1,0,TO
(D1+D2) only,2,32,TO
(D1+D2) only,3,78033,TO
(D1+D2) only,4,168467,TO
(D1+D2) only,5,137519,TO
(D1+D2) only,6,118414,TO
(D1+D2) only,7,84605,TO
(D1+D2) only,8,43304,TO
(D1+D2) only,9,16208,TO
(D1+D2) only,10,7537,TO
(D1+D2) only,11,1783,TO
(D1+D2+DU) only,1,0,TO
(D1+D2+DU) only,2,0,TO
(D1+D2+DU) only,3,0,TO
(D1+D2+DU) only,4,4,TO
(D1+D2+DU) only,5,2,TO
(D1+D2+DU) only,6,3,TO
(D1+D2+DU) only,7,3,TO
(D1+D2+DU) only,8,0,TO
(D1+D2+DU) only,9,0,TO
(D1+D2+DU) only,10,0,TO
(D1+D2+DU) only,11,0,TO
(D1+D2+R) only,1,0,TO
(D1+D2+R) only,2,0,TO
(D1+D2+R) only,3,69,TO
(D1+D2+R) only,4,18937,TO
(D1+D2+R) only,5,28290,TO
(D1+D2+R) only,6,34128,TO
(D1+D2+R) only,7,36111,TO
(D1+D2+R) only,8,45247,TO
(D1+D2+R) only,9,31700,TO
(D1+D2+R) only,10,12138,TO
(D1+D2+R) only,11,2084,TO
(D1+DU) only,1,0,TO
(D1+DU) only,2,0,TO
(D1+DU) only,3,0,TO
(D1+DU) only,4,9,TO
(D1+DU) only,5,8,TO
(D1+DU) only,6,9,TO
(D1+DU) only,7,11,TO
(D1+DU) only,8,1,TO
(D1+DU) only,9,0,TO
(D1+DU) only,10,0,TO
(D1+DU) only,11,0,TO
(D1+R) only,1,0,TO
(D1+R) only,2,0,TO
(D1+R) only,3,336,TO
(D1+R) only,4,853,TO
(D1+R) only,5,837,TO
(D1+R) only,6,950,TO
(D1+R) only,7,989,TO
(D1+R) only,8,1101,TO
(D1+R) only,9,661,TO
(D1+R) only,10,371,TO
(D1+R) only,11,65,TO
(D2+DU) only,1,0,TO
(D2+DU) only,2,0,TO
(D2+DU) only,3,0,TO
(D2+DU) only,4,9,TO
(D2+DU) only,5,14,TO
(D2+DU) only,6,11,TO
(D2+DU) only,7,12,TO
(D2+DU) only,8,0,TO
(D2+DU) only,9,0,TO
(D2+DU) only,10,0,TO
(D2+DU) only,11,0,TO
(D2+R+DU) only,1,0,TO
(D2+R+DU) only,2,0,TO
(D2+R+DU) only,3,0,TO
(D2+R+DU) only,4,0,TO
(D2+R+DU) only,5,0,TO
(D2+R+DU) only,6,2,TO
(D2+R+DU) only,7,1,TO
(D2+R+DU) only,8,1,TO
(D2+R+DU) only,9,0,TO
(D2+R+DU) only,10,0,TO
(D2+R+DU) only,11,0,TO
(R+DU) only,1,0,TO
(R+DU) only,2,0,TO
(R+DU) only,3,1,TO
(R+DU) only,4,1541,TO
(R+DU) only,5,2859,TO
(R+DU) only,6,3697,TO
(R+DU) only,7,2031,TO
(R+DU) only,8,106,TO
(R+DU) only,9,19,TO
(R+DU) only,10,7,TO
(R+DU) only,11,1,TO
D1 only,1,4,TO
D1 only,2,8580,TO
D1 only,3,45668,TO
D1 only,4,70510,TO
D1 only,5,39905,TO
D1 only,6,25578,TO
D1 only,7,13665,TO
D1 only,8,5528,TO
D1 only,9,1963,TO
D1 only,10,1020,TO
D1 only,11,270,TO
DU only,1,0,TO
DU only,2,0,TO
DU only,3,4,TO
DU only,4,3594,TO
DU only,5,5605,TO
DU only,6,7105,TO
DU only,7,4018,TO
DU only,8,388,TO
DU only,9,94,TO
DU only,10,26,TO
DU only,11,13,TO
R+DU,1,0,TO
R+DU,2,0,TO
R+DU,3,0,TO
R+DU,4,5,TO
R+DU,5,4,TO
R+DU,6,7,TO
R+DU,7,2,TO
R+DU,8,1,TO
R+DU,9,0,TO
R+DU,10,0,TO
R+DU,11,0,TO
